-- MySQL dump 10.13  Distrib 5.6.21-70.0, for Linux (x86_64)
--
-- Host: localhost    Database: meglms
-- ------------------------------------------------------
-- Server version	5.6.21-70.0

/*!40101 SET @OLD_CHARACTER_SET_CLIENT=@@CHARACTER_SET_CLIENT */;
/*!40101 SET @OLD_CHARACTER_SET_RESULTS=@@CHARACTER_SET_RESULTS */;
/*!40101 SET @OLD_COLLATION_CONNECTION=@@COLLATION_CONNECTION */;
/*!40101 SET NAMES utf8 */;
/*!40103 SET @OLD_TIME_ZONE=@@TIME_ZONE */;
/*!40103 SET TIME_ZONE='+00:00' */;
/*!40014 SET @OLD_UNIQUE_CHECKS=@@UNIQUE_CHECKS, UNIQUE_CHECKS=0 */;
/*!40014 SET @OLD_FOREIGN_KEY_CHECKS=@@FOREIGN_KEY_CHECKS, FOREIGN_KEY_CHECKS=0 */;
/*!40101 SET @OLD_SQL_MODE=@@SQL_MODE, SQL_MODE='NO_AUTO_VALUE_ON_ZERO' */;
/*!40111 SET @OLD_SQL_NOTES=@@SQL_NOTES, SQL_NOTES=0 */;

--
-- Table structure for table `Sheet1`
--

DROP TABLE IF EXISTS `Sheet1`;
/*!40101 SET @saved_cs_client     = @@character_set_client */;
/*!40101 SET character_set_client = utf8 */;
CREATE TABLE `Sheet1` (
  `A` int(3) DEFAULT NULL,
  `B` int(2) DEFAULT NULL,
  `C` varchar(30) DEFAULT NULL,
  `D` varchar(9) DEFAULT NULL,
  `E` int(2) DEFAULT NULL
) ENGINE=InnoDB DEFAULT CHARSET=utf8;
/*!40101 SET character_set_client = @saved_cs_client */;

--
-- Dumping data for table `Sheet1`
--

LOCK TABLES `Sheet1` WRITE;
/*!40000 ALTER TABLE `Sheet1` DISABLE KEYS */;
INSERT INTO `Sheet1` VALUES (339,30,'มกราคม','January',0),(340,30,'กุมภาพันธ์','February',1),(341,30,'มีนาคม','March',2),(342,30,'เมษายน','April',3),(343,30,'พฤษภาคม','May',4),(344,30,'มิถุนายน','June',5),(345,30,'กรกฎาคม','July',6),(346,30,'สิงหาคม','August',7),(347,30,'กันยายน','September',8),(348,30,'ตุลาคม','October',9),(349,30,'พฤษจิกายน','November',10),(350,30,'ธันวาคม','December',11);
/*!40000 ALTER TABLE `Sheet1` ENABLE KEYS */;
UNLOCK TABLES;

--
-- Table structure for table `bank_questions`
--

DROP TABLE IF EXISTS `bank_questions`;
/*!40101 SET @saved_cs_client     = @@character_set_client */;
/*!40101 SET character_set_client = utf8 */;
CREATE TABLE `bank_questions` (
  `id` int(11) unsigned NOT NULL,
  `bank_id` int(11) unsigned NOT NULL,
  `question_id` int(11) unsigned NOT NULL,
  `position` tinyint(3) unsigned NOT NULL DEFAULT '0',
  PRIMARY KEY (`id`),
  KEY `bank_id` (`bank_id`),
  KEY `question_id` (`question_id`)
) ENGINE=InnoDB DEFAULT CHARSET=utf8;
/*!40101 SET character_set_client = @saved_cs_client */;

--
-- Dumping data for table `bank_questions`
--

LOCK TABLES `bank_questions` WRITE;
/*!40000 ALTER TABLE `bank_questions` DISABLE KEYS */;
INSERT INTO `bank_questions` VALUES (1,1,1,0),(2,1,2,1),(3,1,3,2),(4,5,1,0),(5,5,2,1),(6,5,3,2),(7,5,4,3),(8,5,5,4),(9,5,6,5),(10,1,7,0),(11,5,8,0),(12,9,9,0),(13,9,10,0),(14,5,11,0);
/*!40000 ALTER TABLE `bank_questions` ENABLE KEYS */;
UNLOCK TABLES;

--
-- Table structure for table `banks`
--

DROP TABLE IF EXISTS `banks`;
/*!40101 SET @saved_cs_client     = @@character_set_client */;
/*!40101 SET character_set_client = utf8 */;
CREATE TABLE `banks` (
  `id` int(11) unsigned NOT NULL,
  `title` varchar(128) NOT NULL,
  `course_id` int(11) unsigned NOT NULL DEFAULT '0',
  `default_objective_id` int(11) unsigned NOT NULL DEFAULT '0',
  `created_by` int(11) unsigned NOT NULL DEFAULT '0',
  `modified` timestamp NOT NULL DEFAULT CURRENT_TIMESTAMP ON UPDATE CURRENT_TIMESTAMP,
  PRIMARY KEY (`id`),
  KEY `course_id` (`course_id`)
) ENGINE=InnoDB DEFAULT CHARSET=utf8;
/*!40101 SET character_set_client = @saved_cs_client */;

--
-- Dumping data for table `banks`
--

LOCK TABLES `banks` WRITE;
/*!40000 ALTER TABLE `banks` DISABLE KEYS */;
INSERT INTO `banks` VALUES (1,'Segment 1',4,0,16,'2014-11-20 23:49:53'),(4,'Segment 2',4,0,16,'2014-11-13 11:54:38'),(5,'test',6,0,2,'2014-11-13 19:31:33'),(6,'Segment 3',4,0,16,'2014-11-13 23:34:07'),(7,'Theory Section',4,2,16,'2014-11-20 23:49:49'),(8,'Theory II',4,1,16,'2014-11-20 23:49:43'),(9,'biologyquestions',6,0,2,'2014-11-22 16:35:01');
/*!40000 ALTER TABLE `banks` ENABLE KEYS */;
UNLOCK TABLES;

--
-- Table structure for table `chats`
--

DROP TABLE IF EXISTS `chats`;
/*!40101 SET @saved_cs_client     = @@character_set_client */;
/*!40101 SET character_set_client = utf8 */;
CREATE TABLE `chats` (
  `id` int(11) NOT NULL,
  `class_id` int(11) NOT NULL,
  `from_user_id` int(11) NOT NULL,
  `to_user_id` int(11) NOT NULL,
  `message` text NOT NULL,
  `created` timestamp NOT NULL DEFAULT CURRENT_TIMESTAMP,
  PRIMARY KEY (`id`)
) ENGINE=InnoDB DEFAULT CHARSET=utf8;
/*!40101 SET character_set_client = @saved_cs_client */;

--
-- Dumping data for table `chats`
--

LOCK TABLES `chats` WRITE;
/*!40000 ALTER TABLE `chats` DISABLE KEYS */;
INSERT INTO `chats` VALUES (1,2,1,4,'Saying Hi To Demo','2014-10-17 10:17:30'),(2,2,1,4,'Saying Hi Again TO Demo','2014-10-17 10:24:28'),(3,2,1,4,'Hello Again Demo','2014-10-17 10:27:41'),(4,2,4,1,'Hi Scott How Are You?','2014-10-17 10:47:15'),(5,2,1,4,'I am doing good! Thanks For asking.','2014-10-17 10:48:20'),(6,2,1,4,'How are you demo?','2014-10-17 10:50:55'),(7,2,1,4,'Testing Refresh','2014-10-17 10:52:59'),(8,2,1,4,'Why Isn\'t this working?','2014-10-17 10:54:50'),(9,2,1,4,'I fixed it!','2014-10-17 10:55:40'),(10,2,1,4,'perfect','2014-10-17 10:56:36'),(11,2,1,4,'That is awesome','2014-10-17 10:56:53'),(12,2,4,1,'I need to have this box in a timer to refresh itself every 10 seconds','2014-10-17 10:57:49'),(13,2,4,1,'hi','2014-10-17 11:18:48'),(14,2,4,1,'fast','2014-10-17 11:19:07'),(15,2,4,1,'hello','2014-10-17 22:25:44'),(16,2,16,1,'hello!','2014-10-17 23:05:34'),(17,2,2,1,'Testing','2014-10-19 01:59:58'),(18,2,2,1,'Hi','2014-10-19 02:02:10'),(19,2,1,2,'Hi from scott','2014-10-19 02:02:43'),(20,2,4,1,'Hi Scott. This is good. We just need to limit the history so that the box is smaller.','2014-10-19 02:11:40'),(21,2,39,4,'sadsa','2014-11-24 03:34:58'),(22,2,39,4,'das','2014-11-24 03:35:01'),(23,3,2,4,'hello','2014-12-01 16:27:35'),(24,2,2,39,'Hi Vance','2014-12-02 05:03:31'),(25,2,39,16,'fsdfsdaf','2014-12-02 05:37:00');
/*!40000 ALTER TABLE `chats` ENABLE KEYS */;
UNLOCK TABLES;

--
-- Table structure for table `class_assignments`
--

DROP TABLE IF EXISTS `class_assignments`;
/*!40101 SET @saved_cs_client     = @@character_set_client */;
/*!40101 SET character_set_client = utf8 */;
CREATE TABLE `class_assignments` (
  `id` int(11) NOT NULL,
  `class_id` int(11) NOT NULL,
  `page_id` int(11) NOT NULL,
  `points` int(11) NOT NULL,
  `due` datetime NOT NULL,
  `due_offset_days` mediumint(9) NOT NULL,
  `allowed_takes` int(11) NOT NULL DEFAULT '1',
  PRIMARY KEY (`id`)
) ENGINE=InnoDB DEFAULT CHARSET=utf8;
/*!40101 SET character_set_client = @saved_cs_client */;

--
-- Dumping data for table `class_assignments`
--

LOCK TABLES `class_assignments` WRITE;
/*!40000 ALTER TABLE `class_assignments` DISABLE KEYS */;
INSERT INTO `class_assignments` VALUES (1,2,210,100,'2014-12-06 12:58:05',1,1),(2,2,211,100,'2014-12-06 12:58:05',1,1),(3,2,212,100,'2014-12-06 12:58:05',1,1),(4,3,210,100,'2014-12-11 12:58:05',1,1);
/*!40000 ALTER TABLE `class_assignments` ENABLE KEYS */;
UNLOCK TABLES;

--
-- Table structure for table `classes`
--

DROP TABLE IF EXISTS `classes`;
/*!40101 SET @saved_cs_client     = @@character_set_client */;
/*!40101 SET character_set_client = utf8 */;
CREATE TABLE `classes` (
  `id` int(10) unsigned NOT NULL,
  `courseid` int(10) unsigned NOT NULL,
  `name` varchar(50) NOT NULL,
  `is_active` tinyint(1) NOT NULL DEFAULT '1',
  `created` timestamp NOT NULL DEFAULT CURRENT_TIMESTAMP,
  PRIMARY KEY (`id`)
) ENGINE=InnoDB DEFAULT CHARSET=utf8;
/*!40101 SET character_set_client = @saved_cs_client */;

--
-- Dumping data for table `classes`
--

LOCK TABLES `classes` WRITE;
/*!40000 ALTER TABLE `classes` DISABLE KEYS */;
INSERT INTO `classes` VALUES (1,1,'Thai Demo Class',1,'2014-08-30 17:44:08'),(2,4,'Demo',1,'2014-09-22 20:46:14'),(3,3,'Spanish Demo',1,'2014-09-27 17:43:47'),(5,5,'HR Demo Class',1,'2014-09-27 17:43:47'),(6,6,'Arabic Demo Class',1,'2014-09-27 17:43:47'),(7,7,'French Demo Class',1,'2014-10-09 20:24:55'),(8,8,'Portuguese Demo Class',1,'2014-10-09 20:29:39'),(9,9,'Korean Demo Class',1,'2014-10-09 20:32:39'),(10,10,'Mandarin Demo Class',1,'2014-10-09 20:36:38'),(11,11,'Japanese Demo Class',1,'2014-10-09 20:38:28'),(12,13,'English Core 1 (Thai)',1,'2014-10-22 15:53:48'),(13,14,'English Core 2 (Thai)',1,'2014-10-22 15:53:48'),(14,12,'AISU DEMO Sec B1',1,'2014-10-23 22:40:55'),(15,19,'Tutor Interview',1,'2014-10-31 20:48:40'),(16,20,'Assignment test sclass',1,'2014-12-06 21:09:29');
/*!40000 ALTER TABLE `classes` ENABLE KEYS */;
UNLOCK TABLES;

--
-- Table structure for table `courses`
--

DROP TABLE IF EXISTS `courses`;
/*!40101 SET @saved_cs_client     = @@character_set_client */;
/*!40101 SET character_set_client = utf8 */;
CREATE TABLE `courses` (
  `id` int(10) unsigned NOT NULL,
  `departmentid` int(10) unsigned NOT NULL,
  `name` varchar(50) NOT NULL,
  `description` text NOT NULL,
  `is_active` tinyint(1) NOT NULL DEFAULT '1',
  `position` smallint(5) unsigned NOT NULL DEFAULT '0',
  `created` timestamp NOT NULL DEFAULT CURRENT_TIMESTAMP,
  PRIMARY KEY (`id`),
  UNIQUE KEY `organizationid` (`departmentid`,`name`)
) ENGINE=InnoDB DEFAULT CHARSET=utf8;
/*!40101 SET character_set_client = @saved_cs_client */;

--
-- Dumping data for table `courses`
--

LOCK TABLES `courses` WRITE;
/*!40000 ALTER TABLE `courses` DISABLE KEYS */;
INSERT INTO `courses` VALUES (1,1,'Thai Demo','Thai Demo',1,0,'2014-08-30 17:45:12'),(2,1,'Advanced 101','Even More Advanced Stuff',1,1,'2014-09-22 20:36:19'),(3,1,'Spanish Demo','Spanish Demo',1,2,'2014-09-27 17:41:09'),(4,1,'Demo Course','Demo Course',1,3,'2014-10-01 21:24:37'),(5,1,'HR Demo','HR Demo',1,4,'2014-10-01 21:24:37'),(6,1,'Arabic Demo','Arabic Demo',1,5,'2014-10-01 21:24:37'),(7,1,'French Demo','French Demo',1,6,'2014-10-09 20:24:03'),(8,1,'Portuguese Demo','Portuguese Demo',1,7,'2014-10-09 20:29:14'),(9,1,'Korean Demo','Korean Demo',1,8,'2014-10-09 20:32:14'),(10,1,'Mandarin Demo','Mandarin Demo',1,9,'2014-10-09 20:35:30'),(11,1,'Japanese Demo','Japanese Demo',1,10,'2014-10-09 20:38:11'),(12,2,'AISU DEMO','AISU DEMO',1,0,'2014-10-21 22:31:45'),(13,1,'English Core 1 (Thai)','English Core 1 (Thai)',1,11,'2014-10-22 15:50:36'),(14,1,'English Core 2 (Thai)','English Core 2 (Thai)',1,12,'2014-10-22 15:50:36'),(19,1,'Tutor Interview','Tutor Interview',1,0,'2014-10-31 20:48:27');
/*!40000 ALTER TABLE `courses` ENABLE KEYS */;
UNLOCK TABLES;

--
-- Table structure for table `departments`
--

DROP TABLE IF EXISTS `departments`;
/*!40101 SET @saved_cs_client     = @@character_set_client */;
/*!40101 SET character_set_client = utf8 */;
CREATE TABLE `departments` (
  `id` int(10) unsigned NOT NULL,
  `organizationid` int(10) unsigned NOT NULL,
  `name` varchar(30) NOT NULL,
  `subdomain` varchar(30) NOT NULL,
  `is_active` int(11) NOT NULL,
  `created` timestamp NOT NULL DEFAULT CURRENT_TIMESTAMP ON UPDATE CURRENT_TIMESTAMP,
  PRIMARY KEY (`id`)
) ENGINE=InnoDB DEFAULT CHARSET=utf8;
/*!40101 SET character_set_client = @saved_cs_client */;

--
-- Dumping data for table `departments`
--

LOCK TABLES `departments` WRITE;
/*!40000 ALTER TABLE `departments` DISABLE KEYS */;
INSERT INTO `departments` VALUES (1,1,'alpha','alpha',1,'2014-08-30 17:49:00'),(2,2,'beta','beta.aisu.meglms.com',1,'2014-10-21 21:53:40');
/*!40000 ALTER TABLE `departments` ENABLE KEYS */;
UNLOCK TABLES;

--
-- Table structure for table `grade_posts`
--

DROP TABLE IF EXISTS `grade_posts`;
/*!40101 SET @saved_cs_client     = @@character_set_client */;
/*!40101 SET character_set_client = utf8 */;
CREATE TABLE `grade_posts` (
  `id` int(11) NOT NULL,
  `post_id` int(11) NOT NULL,
  `teacher_post_id` int(11) NOT NULL DEFAULT '0',
  `user_id` int(11) NOT NULL,
  `grade` varchar(3) NOT NULL,
  `teacher_notes` text NOT NULL,
  `viewed` tinyint(4) NOT NULL DEFAULT '0',
  `created` timestamp NOT NULL DEFAULT CURRENT_TIMESTAMP,
  PRIMARY KEY (`id`),
  KEY `post_id` (`post_id`)
) ENGINE=InnoDB DEFAULT CHARSET=utf8;
/*!40101 SET character_set_client = @saved_cs_client */;

--
-- Dumping data for table `grade_posts`
--

LOCK TABLES `grade_posts` WRITE;
/*!40000 ALTER TABLE `grade_posts` DISABLE KEYS */;
INSERT INTO `grade_posts` VALUES (13,218,231,1,'a','Good work',1,'2014-10-11 19:59:10'),(14,217,233,2,'a','',1,'2014-10-11 21:13:45'),(15,216,238,1,'c','Not your best',1,'2014-10-11 22:26:42'),(16,207,239,1,'b','This person is okay and got a \'B\'',1,'2014-10-11 22:45:17'),(17,236,241,1,'b','Perfect',1,'2014-10-11 23:13:34'),(18,240,242,1,'a','Hello a',1,'2014-10-11 23:21:02'),(19,243,244,1,'b','hi',1,'2014-10-11 23:24:15'),(20,245,246,1,'c','That was good',1,'2014-10-13 02:14:17'),(21,249,250,2,'b','',1,'2014-10-13 03:00:38'),(22,248,251,2,'c','',1,'2014-10-13 03:00:52'),(23,247,252,2,'a','',1,'2014-10-13 03:01:03'),(24,261,262,2,'b','',1,'2014-10-14 14:17:13'),(25,266,267,2,'b','',1,'2014-10-16 17:11:26'),(26,265,268,1,'c','',1,'2014-10-17 22:17:54'),(27,260,269,1,'a','keep an eye on this student.',1,'2014-10-17 22:18:47'),(28,270,271,1,'a','Perfect',1,'2014-10-20 01:21:23'),(29,275,0,1,'b','Good Job',1,'2014-10-21 01:16:42'),(30,278,279,1,'b','Perfect',1,'2014-10-21 21:47:37'),(31,288,289,2,'b','dfsdfgvsdvgsdv',1,'2014-10-24 01:52:57');
/*!40000 ALTER TABLE `grade_posts` ENABLE KEYS */;
UNLOCK TABLES;

--
-- Table structure for table `interviewees`
--

DROP TABLE IF EXISTS `interviewees`;
/*!40101 SET @saved_cs_client     = @@character_set_client */;
/*!40101 SET character_set_client = utf8 */;
CREATE TABLE `interviewees` (
  `id` int(11) NOT NULL,
  `user_id` int(11) NOT NULL,
  `city` varchar(60) NOT NULL,
  `state` varchar(60) NOT NULL,
  `country` varchar(60) NOT NULL,
  `education` varchar(32) NOT NULL,
  `native_language` varchar(60) NOT NULL,
  `second_language` varchar(60) NOT NULL,
  `additional_language` varchar(120) NOT NULL,
  `hours_expecting` varchar(120) NOT NULL,
  `hear_about_us` varchar(255) NOT NULL,
  PRIMARY KEY (`id`),
  UNIQUE KEY `user_id` (`user_id`)
) ENGINE=InnoDB DEFAULT CHARSET=utf8;
/*!40101 SET character_set_client = @saved_cs_client */;

--
-- Dumping data for table `interviewees`
--

LOCK TABLES `interviewees` WRITE;
/*!40000 ALTER TABLE `interviewees` DISABLE KEYS */;
INSERT INTO `interviewees` VALUES (1,36,'Provo','Utah','United States','','English','Spanish','Italian','36 hours a week','My Friend Bill Smith'),(2,37,'Provo','Utah','USA','technical','English','Spanish','German','35 hours a week','Suzy Q.'),(3,38,'Provo','Utah','United States','masters','English','Spanish','Italian','15 Hours a week','Television Commercial');
/*!40000 ALTER TABLE `interviewees` ENABLE KEYS */;
UNLOCK TABLES;

--
-- Table structure for table `localize_navs`
--

DROP TABLE IF EXISTS `localize_navs`;
/*!40101 SET @saved_cs_client     = @@character_set_client */;
/*!40101 SET character_set_client = utf8 */;
CREATE TABLE `localize_navs` (
  `id` int(11) NOT NULL,
  `nav_id` int(11) NOT NULL,
  `language` enum('en','es','fr','de','th','ar','zh','pt','ko') NOT NULL,
  `translation` varchar(80) NOT NULL,
  PRIMARY KEY (`id`),
  UNIQUE KEY `nav_id_2` (`nav_id`,`language`),
  KEY `nav_id` (`nav_id`),
  KEY `language` (`language`)
) ENGINE=InnoDB DEFAULT CHARSET=utf8;
/*!40101 SET character_set_client = @saved_cs_client */;

--
-- Dumping data for table `localize_navs`
--

LOCK TABLES `localize_navs` WRITE;
/*!40000 ALTER TABLE `localize_navs` DISABLE KEYS */;
INSERT INTO `localize_navs` VALUES (1,1,'de','Willkommen'),(2,1,'fr','Accueil'),(3,1,'es','Bienvenido'),(4,1,'en','Welcome'),(5,2,'es','Nombre del curso'),(6,2,'fr','Le Nom du Cours'),(7,2,'de','Kursname'),(8,2,'en','Course Name'),(9,3,'de','Neue Nachricht'),(10,3,'fr','Nouveau Message'),(11,3,'es','nueva publicación'),(12,3,'en','New Post'),(13,4,'fr','Repondre'),(14,4,'es','responder'),(15,4,'de','Antworten'),(16,4,'en','Reply'),(17,5,'de','Konto'),(18,5,'es','cuenta'),(19,5,'fr','Compte'),(20,5,'en','Account'),(21,6,'fr','Se Déconnecter'),(22,6,'de','Austragen'),(23,6,'es','cerrar sesión'),(24,6,'en','Sign Out'),(25,1,'th','ยินดีต้อนรับ'),(26,2,'th','ชื่อคอร์ส'),(27,3,'th','โพสต์ไหม่'),(28,5,'th','บัญชี'),(29,4,'th','ตอบ'),(30,6,'th','ออกจากระบบ'),(31,7,'th','คำศัพท์'),(32,7,'en','vocabulary'),(33,8,'th','บัตรคำศัพท์'),(34,8,'en','Flashcards'),(35,9,'th','หน้าที่แล้ว'),(36,9,'en','prev'),(37,10,'th','ต่อ'),(38,10,'en','next'),(39,11,'th','ทั้งหมด'),(40,11,'en','all'),(41,12,'th','เว็บแคม'),(42,12,'en','Webcam'),(43,13,'th','อัพโหลดวิดีโอ'),(44,13,'en','Upload Video'),(45,7,'es','vocabulario'),(46,8,'es','tarjetas de memoria'),(47,9,'es','anterior'),(48,10,'es','siguiente'),(49,11,'es','todo'),(50,12,'es','mensaje'),(51,13,'es','subir archivo'),(52,1,'ar','اهلا و سهلا'),(53,2,'ar','اسم الدورة'),(54,3,'ar','رسالة جديدة'),(55,4,'ar','الرد'),(56,5,'ar','حساب المستخدم'),(57,6,'ar','تسجيل الخروج'),(58,7,'ar','المفردات'),(59,8,'ar','البطاقات التعليمية'),(60,9,'ar','السابق'),(61,10,'ar','التالي'),(62,11,'ar','كافة'),(63,12,'ar','كاميرا ويب'),(64,13,'ar','تحميل'),(65,1,'zh','欢迎'),(66,2,'zh','课程名称'),(67,3,'zh','粘贴新的内容'),(68,4,'zh','回复'),(69,5,'zh','帐户'),(70,6,'zh','登出'),(71,7,'zh','单词'),(72,8,'zh','抽认卡'),(73,9,'zh','上一个'),(74,10,'zh','下一个'),(75,11,'zh','所有'),(76,12,'zh','摄像头'),(77,13,'zh','上传'),(78,1,'pt','Bem-vindo'),(79,2,'pt','Nome do Curso'),(80,3,'pt','Nova postagem'),(81,4,'pt','Responder'),(82,5,'pt','conta'),(83,6,'pt','terminar sessão'),(84,7,'pt','vocabulário'),(85,8,'pt','cartões de memória'),(86,9,'pt','Anterior'),(87,10,'pt','Próximo'),(88,11,'pt','todas'),(89,12,'pt','câmara web'),(90,13,'pt','upload vídeo'),(91,1,'ko','환영하다'),(92,2,'ko','강의 이름'),(93,3,'ko','새 글'),(94,4,'ko','대답'),(95,5,'ko','계정'),(96,6,'ko','로그아웃'),(97,7,'ko','어휘'),(98,8,'ko','단어장'),(99,9,'ko','이전의'),(100,10,'ko','다음의'),(101,11,'ko','모두'),(102,12,'ko','웹켐'),(103,13,'ko','업로드');
/*!40000 ALTER TABLE `localize_navs` ENABLE KEYS */;
UNLOCK TABLES;

--
-- Table structure for table `modules`
--

DROP TABLE IF EXISTS `modules`;
/*!40101 SET @saved_cs_client     = @@character_set_client */;
/*!40101 SET character_set_client = utf8 */;
CREATE TABLE `modules` (
  `id` int(10) unsigned NOT NULL,
  `type` enum('VOCAB') NOT NULL DEFAULT 'VOCAB',
  `name` varchar(45) NOT NULL,
  `description` varchar(255) NOT NULL,
  PRIMARY KEY (`id`)
) ENGINE=InnoDB DEFAULT CHARSET=utf8;
/*!40101 SET character_set_client = @saved_cs_client */;

--
-- Dumping data for table `modules`
--

LOCK TABLES `modules` WRITE;
/*!40000 ALTER TABLE `modules` DISABLE KEYS */;
/*!40000 ALTER TABLE `modules` ENABLE KEYS */;
UNLOCK TABLES;

--
-- Table structure for table `navs`
--

DROP TABLE IF EXISTS `navs`;
/*!40101 SET @saved_cs_client     = @@character_set_client */;
/*!40101 SET character_set_client = utf8 */;
CREATE TABLE `navs` (
  `id` int(10) unsigned NOT NULL,
  `key` varchar(60) NOT NULL,
  PRIMARY KEY (`id`),
  UNIQUE KEY `key` (`key`)
) ENGINE=InnoDB DEFAULT CHARSET=utf8;
/*!40101 SET character_set_client = @saved_cs_client */;

--
-- Dumping data for table `navs`
--

LOCK TABLES `navs` WRITE;
/*!40000 ALTER TABLE `navs` DISABLE KEYS */;
INSERT INTO `navs` VALUES (5,'account'),(11,'all'),(2,'course_name'),(8,'flashcards'),(3,'new_post'),(10,'next'),(9,'prev'),(4,'reply'),(6,'sign_out'),(13,'uploadvideo'),(7,'vocabulary'),(12,'webcam'),(1,'welcome');
/*!40000 ALTER TABLE `navs` ENABLE KEYS */;
UNLOCK TABLES;

--
-- Table structure for table `objectives`
--

DROP TABLE IF EXISTS `objectives`;
/*!40101 SET @saved_cs_client     = @@character_set_client */;
/*!40101 SET character_set_client = utf8 */;
CREATE TABLE `objectives` (
  `id` int(11) unsigned NOT NULL AUTO_INCREMENT,
  `course_id` int(11) unsigned NOT NULL,
  `name` varchar(64) COLLATE utf8_unicode_ci NOT NULL DEFAULT '',
  `created_by` int(11) NOT NULL DEFAULT '0',
  PRIMARY KEY (`id`),
  KEY `course_id` (`course_id`),
  KEY `created_by` (`created_by`)
) ENGINE=InnoDB AUTO_INCREMENT=3 DEFAULT CHARSET=utf8 COLLATE=utf8_unicode_ci COMMENT='aka standards';
/*!40101 SET character_set_client = @saved_cs_client */;

--
-- Dumping data for table `objectives`
--

LOCK TABLES `objectives` WRITE;
/*!40000 ALTER TABLE `objectives` DISABLE KEYS */;
INSERT INTO `objectives` VALUES (1,4,'Strict Language Constraints',16),(2,4,'Normal Language Constraints',16);
/*!40000 ALTER TABLE `objectives` ENABLE KEYS */;
UNLOCK TABLES;

--
-- Table structure for table `organizations`
--

DROP TABLE IF EXISTS `organizations`;
/*!40101 SET @saved_cs_client     = @@character_set_client */;
/*!40101 SET character_set_client = utf8 */;
CREATE TABLE `organizations` (
  `id` int(10) unsigned NOT NULL,
  `name` varchar(50) NOT NULL,
  `domain` varchar(50) NOT NULL,
  `email` varchar(60) NOT NULL,
  `phone` varchar(20) NOT NULL,
  `is_active` tinyint(1) NOT NULL DEFAULT '1',
  `created` timestamp NOT NULL DEFAULT CURRENT_TIMESTAMP
) ENGINE=InnoDB DEFAULT CHARSET=utf8;
/*!40101 SET character_set_client = @saved_cs_client */;

--
-- Dumping data for table `organizations`
--

LOCK TABLES `organizations` WRITE;
/*!40000 ALTER TABLE `organizations` DISABLE KEYS */;
INSERT INTO `organizations` VALUES (1,'MEG LMS','meglms.com','admin@meglms.com','8019001621',1,'2014-08-23 17:27:20'),(2,'AISU','aisu.meglms.com','aisu@meglms.com','8885551111',1,'2014-10-21 21:44:36');
/*!40000 ALTER TABLE `organizations` ENABLE KEYS */;
UNLOCK TABLES;

--
-- Table structure for table `pages`
--

DROP TABLE IF EXISTS `pages`;
/*!40101 SET @saved_cs_client     = @@character_set_client */;
/*!40101 SET character_set_client = utf8 */;
CREATE TABLE `pages` (
  `id` int(10) unsigned NOT NULL,
  `unitid` int(10) unsigned NOT NULL,
  `pagegroupid` int(10) unsigned NOT NULL,
  `name` varchar(70) NOT NULL,
  `subtitle` varchar(70) NOT NULL,
  `moduleid` int(10) unsigned NOT NULL,
  `content` text NOT NULL,
  `layout` enum('CONTENT','VOCAB','HEADER','EXTERNAL_LINK','QUIZ') NOT NULL DEFAULT 'CONTENT',
  `position` smallint(6) NOT NULL DEFAULT '0',
  `allow_video_post` tinyint(1) NOT NULL DEFAULT '0',
  `allow_text_post` tinyint(1) NOT NULL DEFAULT '0',
  `allow_upload_post` tinyint(1) NOT NULL DEFAULT '0',
  `is_private` tinyint(1) NOT NULL,
  `created` timestamp NOT NULL DEFAULT CURRENT_TIMESTAMP ON UPDATE CURRENT_TIMESTAMP
) ENGINE=InnoDB DEFAULT CHARSET=utf8;
/*!40101 SET character_set_client = @saved_cs_client */;

--
-- Dumping data for table `pages`
--

LOCK TABLES `pages` WRITE;
/*!40000 ALTER TABLE `pages` DISABLE KEYS */;
INSERT INTO `pages` VALUES (1,2,0,'Introductory Phrases','',0,'<div><img src=\'/public/coursecontent/BD-hobbies-and-interest.png\' /></div>','CONTENT',1,1,1,0,0,'2014-09-22 22:22:20'),(2,2,0,'Video Lesson','',0,'<video width=\'640\' height=\'480\' controls><source src=\'/public/coursecontent/What-do-you-like-to-do.mp4\' type=\'video/mp4\'>Your browser does not support the video tag.</video>','CONTENT',1,1,1,0,0,'2014-09-22 22:22:20'),(3,2,0,'Test Page','',0,'<div><h1>Hi This is a Test Page</h1></div>','CONTENT',3,1,1,0,0,'2014-09-22 22:22:20'),(4,2,0,'Test Page 2','',0,'New Page','CONTENT',4,1,1,0,0,'2014-09-22 22:22:20'),(5,2,0,'Test 3','',0,'Text Only Submissions','CONTENT',0,0,1,0,0,'2014-09-22 22:22:20'),(6,2,0,'test 4','',0,'Private Submission is Forced','CONTENT',0,0,1,0,1,'2014-09-22 22:22:20'),(7,2,0,'File Generic Upload','',0,'Allow upload and text','CONTENT',0,0,1,1,1,'2014-09-22 22:22:20'),(8,2,0,'Page 1 in Unit 2','',0,'This is the first section in unit 2','CONTENT',0,1,1,0,0,'2014-09-15 10:31:07'),(9,2,0,'Page 2 of Unit 2','',0,'This only allows for text messages','CONTENT',0,0,1,0,0,'2014-09-15 10:35:25'),(10,2,0,'Page 3 Of Unit 2','',0,'This Only Allows File Uploads','CONTENT',0,0,0,1,0,'2014-09-15 10:40:30'),(11,2,0,'Page 1 Of Unit 3','',0,'This Page Is Great','CONTENT',0,1,1,0,1,'2014-09-18 13:57:40'),(12,1,0,'Lesson Overview: Tell about your family','สนทนาเกี่ยวกับครอบครัว',0,'<iframe id=\"frame\" src=\"/public/iframe/talk_family.html\" style=\"display: block; width: 100%; height: 4199px;\" onload=\"$(&quot;#frame&quot;).height($(&quot;#frame&quot;).contents().find(&quot;body&quot;).height() + 150);\" height=\"100%\" width=\"100%\" frameborder=\"0\"></iframe>','CONTENT',0,0,0,0,0,'2014-10-10 23:30:50'),(13,1,0,'Grammar: Have','หลักการใช้ภาษา: คำกริยา “Have” ',0,'<div>\r\n<iframe id=\"frame\" src=\"/public/iframe/have_thai.html\" frameborder=\"0\" style=\"display:block; height:100%; width:100%\" height=\"100%\" width=\"100%\"  onload=\'$(\"#frame\").height($(\"#frame\").contents().find(\"body\").height() + 150);\'></iframe>\r\n\r\n\r\n<script>\r\n$( window ).resize(function() {\r\n$(\"#frame\").height($(\"#frame\").contents().find(\"body\").height() + 150);});\r\n\r\nsetTimeout(function(){$(\"#frame\").height($(\"#frame\").contents().find(\"body\").height() + 150);}, 220);\r\n</script>\r\n</div>','CONTENT',4,0,0,0,0,'2014-09-26 17:20:53'),(14,1,0,'Watch a Video','ดูวิดีโอ',0,'<video width=\'640\' height=\'480\' controls><source src=\'/public/coursecontent/how-many-brothers-and-sisters-do-you-have.mp4\' type=\'video/mp4\'>\r\n<source src=\'/public/coursecontent/how-many-brothers-and-sisters-do-you-have.ogv\' type=\'video/ogv\'>Your browser does not support the video tag.</video>','CONTENT',5,0,0,0,0,'2014-09-26 17:21:49'),(15,1,0,'Writing Practice','การฝึกเขียน',0,'<div>\r\n<!--<img src=\"/public/coursecontent/writing-practice.png\" />-->\r\n<p style=\"font-size:1.2em\">การฝึกเขียน</p>\r\n<p style=\"font-size:1.2em\">ฝึกเขียนเป็นประโยคโดยใช้ตารางตัวอย่างที่แสดงด้านล่าง.</p>\r\n<p style=\"font-size:1.2em\">ขอให้เขียนอย่างน้อยห้าคำถามและคำตอบโดยใช้ตัวอย่างเป็นรูปแบบ</p>\r\n\r\n\r\n</div>\r\n<div>\r\n<img src=\"/public/coursecontent/how-many-brothers-sisters-you-have.png\" width=\"600px\" />\r\n</div>','CONTENT',6,0,1,0,0,'2014-09-26 17:22:24'),(16,1,0,'Speaking Practice','การฝึกพูด',0,'<div>\r\n<!--<img src=\"/public/coursecontent/speaking-practice.png\" />-->\r\n\r\n<p style=\"font-size:1.2em\">การฝึกพูด</p>\r\n<p style=\"font-size:1.2em\">กด “โพสต์ไหม่”   และฝึกโดยใช้ตัวอย่างต่อไปนี้</p>\r\n<p style=\"font-size:1.2em\">ให้ใช้เวลาแค่สองนาทีฝึกถามและตอบคำถาม    ขอให้ใช้ตัวอย่างเป็นรูปแบบ</p>\r\n</div>\r\n<div>\r\n<img src=\"/public/coursecontent/how-many-brothers-sisters-you-have.png\" width=\"600px\" />\r\n</div>','CONTENT',7,1,0,0,0,'2014-09-26 17:23:03'),(17,1,0,'Vocabulary Practice: Titles','แบบฝึกหัดคำศัพท์: ยศศักดิ์',1,'','VOCAB',2,0,0,0,0,'2014-09-26 17:19:02'),(18,1,0,'Vocabulary Practice: Immediate Family','แบบฝึกหัดคำศัพท์: ครอบครัว',2,'','VOCAB',1,0,0,0,0,'2014-09-26 17:18:23'),(19,1,0,'Vocabulary Practice: Extended Family','แบบฝึกหัดคำศัพท์: ครอบครัวขยาย',3,'','VOCAB',3,0,0,0,0,'2014-09-26 17:31:37'),(21,1,0,'Listening Practice','แบบฝึกหัดการฟัง',0,'http://dev.nimbleknowledge.com/account/autoLogin/listening/English3/english3','EXTERNAL_LINK',8,0,0,0,0,'2014-09-26 17:23:52'),(22,1,0,'Reading Practice','แบบฝึกหัดการอ่าน',0,'http://dev.nimbleknowledge.com/account/autoLogin/reading/English3/english3','EXTERNAL_LINK',9,0,0,0,0,'2014-09-26 17:24:28'),(23,9,0,'Lesson Overview: Tell about your family','Resumen de la lección: Hablar de su familia',0,'<div><iframe id=\"frame\" src=\"/public/iframe/talk_family_spanish.html\" style=\"display: block; width: 100%; height: 3514px;\" onload=\"$(&quot;#frame&quot;).height($(&quot;#frame&quot;).contents().find(&quot;body&quot;).height() + 150);\" height=\"100%\" width=\"100%\" frameborder=\"0\"></iframe></div>','CONTENT',0,0,0,0,0,'2014-10-10 23:33:54'),(24,9,0,'Grammar: The verb \"To Have\"','Gramática: El verbo \"To have\"',0,'<div>\r\n<iframe id=\"frame\" src=\"/public/iframe/have_spanish.html\" frameborder=\"0\" style=\"display:block; height:100%; width:100%\" height=\"100%\" width=\"100%\"  onload=\'$(\"#frame\").height($(\"#frame\").contents().find(\"body\").height() + 150);\'></iframe>\r\n\r\n\r\n<script>\r\n$( window ).resize(function() {\r\n$(\"#frame\").height($(\"#frame\").contents().find(\"body\").height() + 150);});\r\n\r\nsetTimeout(function(){$(\"#frame\").height($(\"#frame\").contents().find(\"body\").height() + 150);}, 220);\r\n</script>\r\n</div>','CONTENT',4,0,0,0,0,'2014-09-29 18:15:16'),(25,9,0,'Watch a Video','Ver un video',0,'<video width=\'640\' height=\'480\' controls><source src=\'/public/coursecontent/how-many-brothers-spanish.mp4\' type=\'video/mp4\'>\r\n<source src=\'/public/coursecontent/how-many-brothers-spanish.ogv\' type=\'video/ogv\'>\r\nYour browser does not support the video tag.</video>','CONTENT',5,0,0,0,0,'2014-09-29 16:43:54'),(26,9,0,'Writing Practice','Práctica de escritura',0,'<div>\r\n<p style=\"font-size:1.2em\">Practique escribiendo frases utilizando como referencia la tabla de ejemplos que se muestra a continuación. Escribe al menos 5 preguntas y 5 respuestas usando la tabla de ejemplos como una guía. </p>\r\n\r\n\r\n</div>\r\n<div>\r\n<img src=\"/public/coursecontent/how-many-brothers-sisters-you-have.png\" width=\"600px\" />\r\n</div>','CONTENT',6,0,1,0,0,'2014-09-29 17:03:13'),(27,9,0,'Speaking Practice','Práctica del habla',0,'<div>\r\n<!--<img src=\"/public/coursecontent/speaking-practice.png\" />-->\r\n\r\n<p style=\"font-size:1.2em\">Haga clic en \"nueva publicación\" y practique con la tabla de ejemplos que se muestra a continuación. Grabe un video de usted por unos 2 minutos mientras practica haciendo y respondiendo preguntas. Utilice la tabla de ejemplos sólo como una guía.</p>\r\n</div>\r\n<div>\r\n<img src=\"/public/coursecontent/how-many-brothers-sisters-you-have.png\" width=\"600px\" />\r\n</div>','CONTENT',7,1,0,0,0,'2014-09-29 17:03:40'),(28,9,0,'Vocabulary Practice: Immediate Family','Práctica de vocabulario: Familia inmediata',4,'','VOCAB',1,0,0,0,0,'2014-09-29 18:13:06'),(29,9,0,'Vocabulary Practice: Titles','Práctica de vocabulario: Títulos',5,'','VOCAB',2,0,0,0,0,'2014-09-29 18:13:58'),(30,9,0,'Vocabulary Practice: Extended Family','Práctica de vocabulario: Familia extendida',6,'','VOCAB',3,0,0,0,0,'2014-09-29 18:14:27'),(31,2,0,'Great Gatsby','The Perfect Book',0,'This is enthralling','CONTENT',0,1,1,0,1,'2014-09-30 20:18:44'),(32,2,0,'Reference','This IS A Reference',0,'http://google.com','EXTERNAL_LINK',0,0,0,0,0,'2014-09-30 20:24:19'),(33,2,0,'New Vocabulary','Vocabulary Test',0,'','VOCAB',0,0,0,0,0,'2014-09-30 20:34:26'),(34,2,0,'Testing Editor','edit testor',0,'<p>When We Text The Editor Lets Hope It Works!</p>\n','CONTENT',0,1,1,0,1,'2014-09-30 21:55:48'),(35,2,0,'The OutHouses','The Testing outhouses',0,'<p><img alt=\"\" src=\"http://cf.ltkcdn.net/interiordesign/images/std/128508-286x400-jsw_old_outhouse.jpg\" style=\"float:left; height:200px; width:143px\" />&nbsp;The great outhouse is an important fixture of the old west.</p>\n\n<p>&nbsp;</p>\n\n<p>&nbsp;</p>\n\n<p>&nbsp;</p>\n\n<p>&nbsp;</p>\n\n<p>&nbsp;</p>\n\n<p>&nbsp;</p>\n\n<ul>\n	<li>Outhouses are great</li>\n	<li>Outhouse are outside</li>\n	<li>Work Well In All Weather</li>\n</ul>\n\n<p>&nbsp;</p>\n\n<p>&nbsp;</p>\n\n<p>&nbsp;</p>\n\n<p>&nbsp;</p>\n','CONTENT',0,1,0,0,0,'2014-10-01 21:19:29'),(36,3,0,'Sandwiches','Hogi Sandwich',0,'<p>Find Day To Go Get A Sub!</p>\n\n<p>&nbsp;</p>\n\n<p><img alt=\"\" src=\"https://s3.grouponcdn.com/images/site_images/1465/0203/Hickory-Kist-Deli-Spanish-Fork.jpg\" style=\"height:134px; width:220px\" /></p>\n','CONTENT',0,1,1,0,0,'2014-09-30 22:22:04'),(37,3,0,'Vocabulary Test','Vocabulary',0,'','VOCAB',0,0,0,0,0,'2014-09-30 22:24:20'),(38,3,0,'google','google search',0,'http://www.google.com','EXTERNAL_LINK',0,0,0,0,0,'2014-09-30 22:25:20'),(39,17,0,'Mickey Mouse','Mickey is Mouse',0,'<ol>\n	<li>Mickey was made in 1920&#39;s</li>\n</ol>\n\n<p>&nbsp;</p>\n\n<ol>\n	<li>&nbsp;He is a mouse<img alt=\"\" src=\"https://s3.grouponcdn.com/images/site_images/1465/0203/Hickory-Kist-Deli-Spanish-Fork.jpg\" style=\"float:left; height:134px; width:220px\" /></li>\n</ol>\n','CONTENT',0,1,1,0,0,'2014-09-30 23:28:33'),(40,7,0,'google','search',0,'http://google.com','EXTERNAL_LINK',0,0,0,0,0,'2014-10-01 19:43:00'),(41,7,0,'George Washington!','First President!',0,'<p>George Washington was the first president</p>\n\n<p><img alt=\"\" src=\"http://conservativeangle.com/wp-content/uploads/2013/12/George-Washington-SC1.jpg\" style=\"float:left; height:158px; width:210px\" />&nbsp;The signing of the constitution</p>\n\n<p>&nbsp;</p>\n\n<p>&nbsp;</p>\n\n<p>&nbsp;</p>\n\n<p>&nbsp;</p>\n\n<p>&nbsp;</p>\n\n<p>&nbsp;</p>\n\n<p>The First President was also there for the signing of the constitution of the United States.</p>\n','CONTENT',0,1,1,0,0,'2014-10-01 21:09:02'),(42,7,0,'New Vocabulary','Vocab',0,'','VOCAB',0,0,0,0,0,'2014-10-01 19:51:12'),(43,2,0,'Testing Again','Another Test',0,'<p>Testing This Out!</p>\n','CONTENT',0,1,0,0,0,'2014-10-01 21:21:59'),(45,19,0,'Testing On Unit 2','unit 2 test',0,'<p>Testing ON Unit 2!</p>\n','CONTENT',2,1,0,0,0,'2014-10-02 00:22:20'),(46,19,57,'Testing again on Unit 2','test 2',0,'<p>testing</p>\n','CONTENT',5,1,0,0,0,'2014-10-03 19:23:41'),(47,19,0,'Testing 3','test 3',0,'<p>\n<video controls=\"\" height=\"240\" width=\"320\"><source src=\"/public/coursecontent/2014-12-03-37-jjzidmjfdkrwdeepjlid.mp4\" type=\"video/mp4\" />Your browser does not support the HTML5 video tag.</video>\ntest 3</p>\n','CONTENT',1,1,0,0,0,'2014-12-03 18:23:47'),(48,18,0,'test 2','',0,'<p>Record a video and answer the following:</p>\n\n<ol>\n	<li>What is your name</li>\n	<li>What is your quest</li>\n	<li>What is your favorite color</li>\n</ol>\n\n<p>&nbsp;</p>\n','CONTENT',0,1,0,0,0,'2014-10-04 23:09:02'),(49,19,0,'4','4',0,'<p>4 is the greatest page.</p>\n','CONTENT',3,0,0,0,0,'2014-10-02 00:22:20'),(50,19,0,'5','5',0,'http://google.com','EXTERNAL_LINK',8,1,0,0,0,'2014-10-02 23:17:20'),(52,19,0,'page 6','6 sub title',0,'<p>6</p>\n','CONTENT',0,1,0,0,0,'2014-10-02 20:45:38'),(53,18,0,'test 3','essaye 3',0,'<p>text&nbsp;</p>\n\n<p>&nbsp;</p>\n\n<ul>\n	<li>one</li>\n	<li>two&nbsp;</li>\n	<li>three</li>\n</ul>\n\n<p>&nbsp;</p>\n\n<p>&nbsp;</p>\n','CONTENT',2,0,0,1,0,'2014-11-20 23:07:33'),(54,19,57,'vocabulary','vocab type',0,'','VOCAB',6,0,0,0,0,'2014-10-02 21:36:48'),(55,18,0,'curts content','',0,'<p>ukg;kghjg</p>\n','CONTENT',5,0,0,0,0,'2014-11-23 05:08:33'),(56,18,0,'test text','',0,'<p>text upload</p>\n','CONTENT',1,0,1,0,0,'2014-11-20 23:07:33'),(57,19,0,'sub unit','testing sub unit',0,'','HEADER',4,0,0,0,1,'2014-10-03 19:23:41'),(58,19,57,'Under Sub Unit','test under',0,'<p>Under The Sub UNit Testing</p>\n','CONTENT',7,1,0,0,0,'2014-10-03 19:21:34'),(59,18,0,'Test group','',0,'','HEADER',3,0,0,0,1,'2014-11-24 17:08:25'),(60,18,59,'test sub task','',0,'<p>this is a test</p>\n','CONTENT',4,1,0,0,1,'2014-11-20 23:07:33'),(61,20,67,'Normal page','',0,'<p>Hi</p>\n','CONTENT',5,1,0,0,0,'2014-10-21 17:24:32'),(62,20,0,'sub unit 1','',0,'','HEADER',0,0,0,0,0,'2014-10-21 17:24:22'),(63,20,62,'under sub 1','',0,'<p>Hi</p>\n','CONTENT',2,0,0,0,1,'2014-10-21 17:24:22'),(64,20,67,'under sub 1 Again','',0,'<p>Hello Again</p>\n','CONTENT',6,0,0,0,0,'2014-10-21 17:24:32'),(65,20,62,'Normal Page again','',0,'<p>Hello Again in Normal</p>\n','CONTENT',3,0,0,0,1,'2014-10-21 17:24:22'),(66,20,62,'Under Sub 1 Again Again','',0,'<p>testing</p>\n','CONTENT',1,0,0,0,1,'2014-10-21 17:24:22'),(67,20,0,'Sub unit 2','',0,'','HEADER',4,0,0,0,1,'2014-10-21 17:24:32'),(68,20,0,'Sub unit 3','',0,'','HEADER',7,0,0,0,0,'2014-10-21 17:24:39'),(69,20,68,'Under 3','',0,'<p>Under 3</p>\n','CONTENT',8,0,0,0,1,'2014-10-21 17:24:39'),(70,20,68,'Under none','',0,'<p>testing</p>\n','CONTENT',9,0,0,0,1,'2014-10-21 17:24:39'),(71,21,0,'Grammar: Modal Auxiliaries','Gramática: Auxiliares Modales',0,'<div>\r\n<iframe id=\"frame\" src=\"/public/iframe/modal_auxiliaries_part2_ spanish.html\" frameborder=\"0\" style=\"display:block; height:100%; width:100%\" height=\"100%\" width=\"100%\" onload=\'$(\"#frame\").height($(\"#frame\").contents().find(\"body\").height() + 150);\'></iframe>\r\n\r\n\r\n<script>\r\n$( window ).resize(function() {\r\n$(\"#frame\").height($(\"#frame\").contents().find(\"body\").height() + 150);});\r\n\r\nsetTimeout(function(){$(\"#frame\").height($(\"#frame\").contents().find(\"body\").height() + 150);}, 220);\r\n</script>\r\n</div>\r\n','CONTENT',2,0,0,0,1,'2014-10-07 09:52:52'),(72,21,0,'Reading Practice','Práctica de lectura',0,'http://dev.nimbleknowledge.com/account/autoLogin/reading/DemoSpanish/demospanish','EXTERNAL_LINK',7,0,0,0,1,'2014-10-06 23:27:30'),(73,21,0,'Listening Practice','Práctica de comprensión auditiva',0,'http://dev.nimbleknowledge.com/account/autoLogin/listening//DemoSpanish/demospanish','EXTERNAL_LINK',6,0,0,0,1,'2014-10-07 01:22:55'),(74,21,0,'Watch a Video','Ver un video',0,'<video width=\"640\" height=\"480\" controls=\"\">\n   <source type=\"video/mp4\" src=\"/public/coursecontent/talk-about-solving-problems-spanish.mp4\"></source>\n   <source type=\"video/ogv\" src=\"/public/coursecontent/talk-about-solving-problems-spanish.ogv\"></source>\n   Your browser does not support the video tag.\n</video>','CONTENT',3,0,0,0,1,'2014-10-06 23:27:43'),(75,21,0,'Writing Practice','Práctica de escritura',0,'<div>\n<p>Practique escribiendo frases utilizando como referencia la tabla de ejemplos que se muestra a continuaci&oacute;n.&nbsp;Escribe al menos 5 preguntas y 5 respuestas usando la tabla de ejemplos como una gu&iacute;a.</p>\n</div>\n<div><img src=\"/public/coursecontent/have-to-need-to-want-to-business.png\" style=\"width:600px\" /></div>\n','CONTENT',4,0,1,0,0,'2014-10-06 23:27:41'),(76,21,0,'Speaking Practice','Práctica del habla',0,'<div>\n<p>Haga clic en &quot;nueva publicaci&oacute;n&quot; y practique con la tabla de ejemplos que se muestra a continuaci&oacute;n. Grabe un video de usted por unos 2 minutos mientras practica haciendo y respondiendo preguntas. Utilice la tabla de ejemplos s&oacute;lo como una gu&iacute;a.</p>\n</div>\n\n<div><img src=\"/public/coursecontent/have-to-need-to-want-to-business.png\" style=\"width:600px\" /></div>\n','CONTENT',5,1,0,0,0,'2014-10-06 23:27:39'),(77,21,0,'Vocabulary Practice: Business Problem Solving','Práctica de vocabulario: Solución de problemas de ',7,'','VOCAB',1,0,0,0,1,'2014-10-07 09:08:04'),(78,22,0,'Lesson Overview: Talk About Family','نظرة عامة على الدرس: الحديث عن العائلة',0,'<iframe id=\"frame\" src=\"/public/iframe/talk_about_family_arabic.html\" style=\"display: block; width: 100%; height: 4199px;\" onload=\"$(&quot;#frame&quot;).height($(&quot;#frame&quot;).contents().find(&quot;body&quot;).height() + 150);\" height=\"100%\" width=\"100%\" frameborder=\"0\"></iframe>','CONTENT',1,0,0,0,1,'2014-10-07 15:51:20'),(79,22,0,'Vocabulary Practice: Immediate Family','تمارين المفردات: العائلة المباشرة',8,'','VOCAB',2,0,0,0,1,'2014-10-09 19:39:10'),(80,22,0,'Vocabulary Practice: Titles','تمارين المفردات: العناوين',9,'','VOCAB',3,0,0,0,1,'2014-10-09 21:24:40'),(81,22,0,'Vocabulary Practice: Extended Family','تمارين المفردات: العائلة الممتدة',10,'','VOCAB',4,0,0,0,1,'2014-10-09 22:34:31'),(82,22,0,'Grammar: The verb Have','\"قواعد اللغة: فعل \"يملك',0,'<p><iframe frameborder=\"0\" height=\"100%\" id=\"frame\" src=\"/public/iframe/have_arabic.html\" style=\"display: block; width: 100%; height: 1683px;\" width=\"100%\"></iframe></p>\n','CONTENT',5,0,0,0,1,'2014-10-07 16:08:30'),(83,22,0,'Watch a Video','مشاهدة الفيديو',0,'<p style=\"text-align:center\"><span dir=\"RTL\">شاهد الفيديو وتمرن مع الفيديو بصوت عال.</span></p>\n<div align=\"center\">\n<video controls=\"\" height=\"480\" width=\"640\"><source src=\"/public/coursecontent/how-many-brothers-and-sisters-do-you-have-arabic.mp4\" type=\"video/mp4\">\n<source src=\"/public/coursecontent/how-many-brothers-and-sisters-do-you-have-arabic.ogv\" type=\"video/ogv\">Your browser does not support the video tag.</video>\n</div>','CONTENT',6,0,0,0,1,'2014-10-07 18:16:03'),(84,22,0,'Writing Practice','تمارين الكتابة',0,'<div>\n<p style=\"text-align:center\"><span dir=\"RTL\">تمارين الكتابة</span></p>\n\n<p style=\"text-align:center\"><span dir=\"RTL\">تمرن على كتابة جمل باستعمال اللوحة أدناه. اكتب خمسة جمل على الأقل وأجب على خمسة أجوبة باستعمال اللوحة كدليل.</span></p>\n</div>\n\n<div align=\"center\"><img src=\"/public/coursecontent/how-many-brothers-sisters-you-have.png\" style=\"width:600px\" /></div>','CONTENT',7,0,1,0,0,'2014-10-07 17:15:47'),(85,22,0,'Speaking Practice','تمارين المحادثة',0,'<div>\n<p style=\"text-align:center\"><span dir=\"RTL\">تمارين المحادثة</span></p>\n\n<p style=\"text-align:center\"><span dir=\"RTL\">انقر على &quot;رسالة جديدة&quot; و تمرن مع اللوحة في الأسفل. يمكنك توقيت نفسك لحوالي دقيقتين للتمرن على طرح الأسئلة والإجابة على الأسئلة. استخدم اللوحة كدليل فقط.</span></p>\n</div>\n\n<div align=\"center\"><img src=\"/public/coursecontent/how-many-brothers-sisters-you-have.png\" style=\"width:600px\" /></div>\n','CONTENT',8,1,0,0,0,'2014-10-07 17:15:03'),(86,22,0,'Listening Practice','تمارين الاستماع',0,'http://dev.nimbleknowledge.com/account/autoLogin/listening/DemoArabic/demoarabic','EXTERNAL_LINK',9,0,0,0,1,'2014-10-07 17:20:52'),(87,22,0,'Reading Practice','تمارين القراءة',0,'http://dev.nimbleknowledge.com/account/autoLogin/reading/DemoArabic/demoarabic','EXTERNAL_LINK',10,0,0,0,1,'2014-10-07 17:21:46'),(88,20,68,'google','google',0,'http://google.com','EXTERNAL_LINK',10,0,0,0,1,'2014-10-21 17:24:39'),(89,25,0,'Lesson Overview: Tell about your family','강의 개요: 가족에 대해 말하기',0,'<p><iframe frameborder=\"0\" height=\"100%\" id=\"frame\" src=\"/public/iframe/talk_about_family_korean.html\" style=\"display: block; width: 100%; height: 3966px;\" width=\"100%\"></iframe></p>\n','CONTENT',1,0,0,0,1,'2014-10-22 21:43:17'),(90,25,0,'Vocabulary Practice: Immediate Family','단어 연습: 가족',11,'','VOCAB',2,0,0,0,1,'2014-10-22 21:50:57'),(91,25,0,'Vocabulary Practice: Extended Family','단어 연습: 가까운 가족',12,'','VOCAB',3,0,0,0,1,'2014-10-22 21:50:57'),(92,25,0,'Grammar: The Verb Have','문법: Have 동사',0,'<p><iframe frameborder=\"0\" height=\"100%\" id=\"frame\" src=\"/public/iframe/have_korean.html\" style=\"display: block; width: 100%; height: 1683px;\" width=\"100%\"></iframe></p>\n','CONTENT',4,0,0,0,1,'2014-10-22 21:43:36'),(93,25,0,'Watch a Video','동영상보기',0,'<p>동영상을 보고 소리내서 연습하세요.</p>\r\n\r\n<div>\r\n<video width=\"640\" height=\"480\" controls=\"\"><source type=\"video/mp4\" src=\"/public/coursecontent/how-many-brothers-and-sisters-do-you-have-korean.mp4\">\r\n<source type=\"video/ogv\" src=\"/public/coursecontent/how-many-brothers-and-sisters-do-you-have-korean.ogv\">Your browser does not support the video tag.</video>\r\n</div>','CONTENT',5,0,0,0,0,'2014-10-23 21:43:54'),(94,25,0,'Writing Practice','쓰기 연습',0,'<div>\r\n<p>아래에 문장 쓰기 연습을 하십시오. 최소 5개의 질문과 5개의 답을 안내식으로 작성합니다.</p>\r\n</div>\r\n<div><img src=\"/public/coursecontent/how-many-brothers-sisters-you-have.png\" style=\"width:600px\"></div>','CONTENT',6,0,1,0,0,'2014-10-22 20:47:59'),(96,25,0,'Speaking Practice','말하기 연습',0,'<div>\n<p style=\"text-size:1.2em\">“새 글”를 클릭하신 후 아래의 판을 사용하시면서 연습하세요. 약 2분 동안 질문에 대답하는 연습을 하세요. 아래의 판은 가이드로만 사용하세요.</p>\n</div>\n\n<div><img src=\"/public/coursecontent/how-many-brothers-sisters-you-have.png\" style=\"width:600px\" /></div>','CONTENT',7,1,0,0,0,'2014-10-22 21:39:26'),(97,9,0,'Listening Practice','Práctica de compresión auditiva',0,'http://dev.nimbleknowledge.com/account/autoLogin/listening/DemoSpanish/demospanish','EXTERNAL_LINK',8,0,0,0,1,'2014-10-10 20:53:35'),(98,9,0,'Reading Practice','Práctica de lectura',0,'http://dev.nimbleknowledge.com/account/autoLogin/reading/DemoSpanish/demospanish','EXTERNAL_LINK',9,0,0,0,1,'2014-10-10 20:53:11'),(99,25,0,'Listening Practice','듣기 연습',0,'http://dev.nimbleknowledge.com/account/autoLogin/listening/DemoKorean/demokorean','EXTERNAL_LINK',8,0,0,0,1,'2014-10-10 21:02:03'),(100,25,0,'Reading Practice','읽기 연습',0,'http://dev.nimbleknowledge.com/account/autoLogin/reading/DemoKorean/demokorean','EXTERNAL_LINK',9,0,0,0,1,'2014-10-10 21:02:09'),(101,23,0,'Listening Practice','Pratique d\'écoute',0,'http://dev.nimbleknowledge.com/account/autoLogin/listening//DemoFrench/demofrench','EXTERNAL_LINK',4,0,0,0,1,'2014-10-10 21:48:59'),(102,23,0,'Reading Practice','Pratique de la lecture',0,'http://dev.nimbleknowledge.com/account/autoLogin/reading//DemoFrench/demofrench','EXTERNAL_LINK',5,0,0,0,1,'2014-10-10 21:48:57'),(103,23,0,'Vocabulary Practice: Immediate Family','Pratique du vocabulaire: Famille proche',0,'','VOCAB',1,0,0,0,1,'2014-10-10 21:45:47'),(104,23,0,'Vocabulary Practice: Titles','Pratique du vocabulaire: Titres',0,'','VOCAB',2,0,0,0,1,'2014-10-10 21:47:53'),(105,23,0,'Vocabulary Practice: Extended Family','Pratique du vocabulaire: Famille élargie',0,'','VOCAB',3,0,0,0,1,'2014-10-10 21:48:59'),(106,26,0,'Vocabulary Practice: Immediate Family','练习单词: 直系亲属',13,'','VOCAB',2,0,0,0,1,'2014-10-11 00:58:07'),(107,26,0,'Vocabulary Practice: Extended Family','练习单词: 远亲',14,'','VOCAB',3,0,0,0,1,'2014-10-11 00:58:05'),(108,26,0,'Lesson Overview: Tell about your family','课程概述:',0,'<p><iframe frameborder=\"0\" height=\"100%\" id=\"frame\" src=\"/public/iframe/tell_about_your_family_mandarin.html\" style=\"display: block; width: 100%; height: 6050px;\" width=\"100%\"></iframe></p>\n','CONTENT',1,0,0,0,1,'2014-10-11 01:06:36'),(109,26,0,'Grammar: The Verb \"To have\"','语法: 动词 “Have”',0,'<div><iframe frameborder=\"0\" height=\"100%\" id=\"frame\" src=\"/public/iframe/have_mandarin.html\" style=\"display: block; width: 100%; height: 1684px;\" width=\"100%\"></iframe></div>\n','CONTENT',4,0,0,0,1,'2014-10-11 01:14:37'),(110,26,0,'Watch a Video','看一个视频',0,'<p>看视频和随着视频大声的跟读</p>\r\n<div>\r\n<video controls=\"\" height=\"480\" width=\"640\"><source src=\"/public/coursecontent/how-many-brothers-and-sisters-do-you-have-mandarin.mp4\" type=\"video/mp4\">\r\n<source src=\"/public/coursecontent/how-many-brothers-and-sisters-do-you-have-english.ogv\" type=\"video/ogv\">\r\nYour browser does not support the video tag.</video></div>','CONTENT',5,0,0,0,0,'2014-10-13 19:08:49'),(111,26,0,'Writing Practice','练习写',0,'<div><p style=\"font-size:1.2em\">使用下面的图表练习造句。 至少要造5个句子，并且要回答这五个句子。</p></div>\n<div>\n<img src=\"/public/coursecontent/how-many-brothers-sisters-you-have.png\" width=\"600px\">\n</div>','CONTENT',6,0,1,0,1,'2014-10-11 05:56:56'),(112,26,0,'Speaking Practice','练习说',0,'<div>\r\n<p style=\"font-size:1.2em\">单击“粘贴新的内容” ， 然后参照下面的图表练习。 练习问问题和回答问题。 练习大概两分钟左右。 下面的图表仅仅是一个引导而已。 </p>\r\n</div>\r\n\r\n<div><img src=\"/public/coursecontent/how-many-brothers-sisters-you-have.png\" style=\"width:600px\" /></div>\r\n','CONTENT',7,1,0,0,0,'2014-10-14 19:01:45'),(113,26,0,'Listening Practice','练习听',0,'http://dev.nimbleknowledge.com/account/autoLogin/listening/DemoChinese/demochinese','EXTERNAL_LINK',8,0,0,0,0,'2014-10-11 07:08:47'),(114,26,0,'Reading Practice','练习读',0,'http://dev.nimbleknowledge.com/account/autoLogin/reading/DemoChinese/demochinese','EXTERNAL_LINK',9,0,0,0,1,'2014-10-11 07:09:22'),(115,24,0,'Writing Practice','Prática da escrita',0,'<p style=\"font-size:1.2em\">Pratique  escrevendo frases usando o quadro de exemplos mostrado abaixo. Escreva no mínimo 5 perguntas e 5 respostas usando o quadro como guia.</p>\r\n<div><img src=\"/public/coursecontent/how-many-brothers-sisters-you-have.png\" style=\"width:600px\"></div>','CONTENT',7,0,1,0,0,'2014-10-13 20:51:46'),(116,24,0,'Speaking Practice','Prática de fala',0,'<p style=\"font-size:1.2em\">Clique  “Nova postagem” e pratique com o quadro de exemplos  abaixo. Faça por 2 minutos, praticando perguntas e respostas. Use somente o quadro de exemplos como guia..</p>\r\n<div><img src=\"/public/coursecontent/how-many-brothers-sisters-you-have.png\" style=\"width:600px\" /></div>\r\n','CONTENT',8,1,0,0,0,'2014-10-13 20:51:44'),(117,24,0,'Listening Practice','Prática de escuta',0,'http://dev.nimbleknowledge.com/account/autoLogin/listening/DemoPortuguese/demoportuguese','EXTERNAL_LINK',9,0,0,0,1,'2014-10-13 20:51:43'),(118,24,0,'Reading Practice','Prática de leitura',0,'http://dev.nimbleknowledge.com/account/autoLogin/reading/DemoPortuguese/demoportuguese','EXTERNAL_LINK',10,0,0,0,1,'2014-10-13 20:51:41'),(119,24,0,'Watch a video','Assistir o vídeo',0,'<p style=\"font-size\"1.2em\">Assista o video e pratique em voz alta ao mesmo tempo.</p>\r\n<div>\r\n<video controls=\"\" height=\"480\" width=\"640\"><source src=\"/public/coursecontent/how-many-brothers-and-sisters-do-you-have-portuguese.mp4\" type=\"video/mp4\">\r\n<source src=\"/public/coursecontent/how-many-brothers-and-sisters-do-you-have-english.ogv\" type=\"video/ogv\">\r\nYour browser does not support the video tag.</video></div>','CONTENT',6,0,0,0,1,'2014-10-13 20:51:47'),(120,24,0,'Grammar: The Verb \"Have\"','Gramática: O Verbo \"Have\"',0,'<iframe id=\"frame\" src=\"/public/iframe/have_portuguese.html\" style=\"display: block; width: 100%; height: 1684px;\" onload=\"$(&quot;#frame&quot;).height($(&quot;#frame&quot;).contents().find(&quot;body&quot;).height() + 150);\" height=\"100%\" width=\"100%\" frameborder=\"0\"></iframe>','CONTENT',5,0,0,0,1,'2014-10-13 20:51:48'),(121,24,0,'Vocabulary Practice: Immediate family','Praticar vocabulário: Família imediata',15,'','VOCAB',2,0,0,0,1,'2014-10-13 20:51:51'),(122,24,0,'Vocabulary Practice: Titles','Praticar vocabulário: Títulos',16,'','VOCAB',3,0,0,0,1,'2014-10-13 20:51:50'),(123,24,0,'Vocabulary Practice: Extended Family','Praticar vocabulário: Demais familiares',17,'','VOCAB',4,0,0,0,1,'2014-10-13 20:51:49'),(124,24,0,'Lesson Overview: Tell about your family','Resumo da lição : Fale sobre sua família',0,'<p><iframe frameborder=\"0\" height=\"100%\" id=\"frame\" src=\"/public/iframe/tell_about_your_family_portuguese.html\" style=\"display: block; width: 100%; height: 6050px;\" width=\"100%\"></iframe></p>\n','CONTENT',1,0,0,0,1,'2014-10-13 20:54:32'),(125,20,0,'Vocabulary test','Vocabulary test',0,'','VOCAB',11,0,0,0,1,'2014-10-21 17:24:39'),(126,20,0,'Talk about what you like to do.','',0,'<p>Step one: listen</p>\n','CONTENT',12,1,0,0,0,'2014-11-24 06:03:38'),(127,28,0,'cool','',0,'','HEADER',0,0,0,0,1,'2014-11-05 20:44:17'),(128,28,127,'awesome','',0,'<p>this is great</p>\n','CONTENT',1,1,1,0,1,'2014-11-19 00:48:34'),(130,28,0,'Quiz','',18,'','QUIZ',2,0,0,0,0,'2014-11-19 00:48:34'),(131,29,0,'Unit Overview: Spell your name / Learn how to spell','สะกดชื่อของคุณ / เรียนรู้วิธีการสะกด',0,'<p><iframe frameborder=\"0\" height=\"100%\" id=\"frame\" src=\"/public/iframe/EnglishCore1(Thai)/1.01%20Spell%20your%20name%20-%20Learn%20how%20to%20spell%20(Thai).html\" style=\"display: block; width: 100%; height: 2048px;\" width=\"100%\"></iframe></p>\n','CONTENT',1,0,0,0,1,'2014-10-25 01:56:44'),(132,29,176,'Letters from A-L','',19,'','VOCAB',4,0,0,0,1,'2014-10-25 01:15:39'),(133,29,176,'Letters M-Z','',20,'','VOCAB',5,0,0,0,1,'2014-10-25 01:15:39'),(134,29,176,'Words for the lesson','',21,'','VOCAB',6,0,0,0,1,'2014-10-25 01:15:39'),(136,29,176,'Posesive pronouns','',22,'','VOCAB',7,0,0,0,1,'2014-10-25 01:15:39'),(137,29,176,'Phrases','',23,'','VOCAB',8,0,0,0,1,'2014-10-25 01:15:39'),(138,29,0,'Grammar: The verb \"Be\"','หลักการใช้ภาษา: คำกริยา \"Be\"',0,'<iframe id=\"frame\" src=\"/public/iframe/EnglishCore1(Thai)/Be%20(Thai).html\" style=\"display: block; width: 100%; height: 4199px;\" onload=\"$(&quot;#frame&quot;).height($(&quot;#frame&quot;).contents().find(&quot;body&quot;).height() + 150);\" height=\"100%\" width=\"100%\" frameborder=\"0\"></iframe>','CONTENT',8,0,0,0,1,'2014-10-24 22:18:17'),(139,31,0,'Unit Overview: Learn and use numbers','เรียนรู้และใช้ตัวเลข',0,'','CONTENT',1,0,0,0,1,'2014-10-22 23:40:12'),(141,31,177,'Numbers 0-10','',24,'','VOCAB',3,0,0,0,1,'2014-10-25 01:18:27'),(142,31,177,'Numbers 11-29','',25,'','VOCAB',4,0,0,0,1,'2014-10-25 01:18:27'),(143,31,177,'Numbers 30-1000','',26,'','VOCAB',5,0,0,0,1,'2014-10-25 01:18:27'),(144,31,177,'Symbols','',27,'','VOCAB',6,0,0,0,1,'2014-10-25 01:18:27'),(145,31,177,'Extra vocabulary','',28,'','VOCAB',7,0,0,0,1,'2014-10-25 01:18:27'),(146,31,177,'Number Phrases','',29,'','VOCAB',8,0,0,0,1,'2014-10-25 01:18:27'),(147,32,0,'Unit Overview: Talk about dates and tell time','',0,'<iframe id=\"frame\" src=\"/public/iframe/EnglishCore1(Thai)/1.03%20Talk%20about%20dates%20and%20tell%20time%20(Thai).html\" style=\"display: block; width: 100%; height: 4199px;\" onload=\"$(&quot;#frame&quot;).height($(&quot;#frame&quot;).contents().find(&quot;body&quot;).height() + 150);\" height=\"100%\" width=\"100%\" frameborder=\"0\"></iframe>','CONTENT',1,0,0,0,1,'2014-10-23 21:40:10'),(148,32,178,'Months of the year','เดือน',30,'','VOCAB',3,0,0,0,1,'2014-10-25 01:25:23'),(149,32,178,'Days of the week','7 วัน ใน 1 สัปดาห์',31,'','VOCAB',4,0,0,0,1,'2014-10-25 01:25:23'),(150,32,178,'Seasons of the year','ฤดูกาล',32,'','VOCAB',5,0,0,0,1,'2014-10-25 01:25:23'),(151,32,178,'Moments of the day','ช่วงเวลาของวัน',33,'','VOCAB',6,0,0,0,1,'2014-10-25 01:25:23'),(152,32,178,'Time','เวลา',34,'','VOCAB',7,0,0,0,1,'2014-10-25 01:25:23'),(153,32,178,'Ordinal Numbers 1-19','เลขลำดับที่',35,'','VOCAB',8,0,0,0,1,'2014-10-25 01:25:23'),(154,32,178,'Date Phrases','',36,'','VOCAB',9,0,0,0,1,'2014-10-25 01:25:23'),(155,33,0,'Unit Overview: Give commands and talk about ability','',0,'','CONTENT',1,0,0,0,1,'2014-10-24 02:57:22'),(156,33,179,'Analytical commands','คำสั่ง: การวิเคราะห์',37,'','VOCAB',3,0,0,0,1,'2014-10-25 01:29:41'),(157,33,179,'Spatial commands','คำสั่ง: พื้นที่ ',38,'','VOCAB',4,0,0,0,1,'2014-10-25 01:29:41'),(158,33,179,'Temporal commands','คำสั่ง : ชั่วขณะ',39,'','VOCAB',5,0,0,0,1,'2014-10-25 01:29:41'),(159,33,179,'Command phrases','',40,'','VOCAB',6,0,0,0,1,'2014-10-25 01:29:41'),(160,41,0,'Test','',0,'<p>Testing</p>\n','CONTENT',1,1,1,0,0,'2014-10-24 09:02:38'),(161,34,0,'Unit Overview: Greet someone new','',0,'','CONTENT',1,0,0,0,1,'2014-10-24 14:00:00'),(162,34,180,'Words for the lesson','',41,'','VOCAB',3,0,0,0,1,'2014-10-25 01:45:21'),(163,34,180,'Subject pronouns','คำบุรุษสรรพนามที่ถูกใช้เป็นประธานของประโยค',42,'','VOCAB',4,0,0,0,1,'2014-10-25 01:45:21'),(164,34,180,'Hello','สวัสดี',43,'','VOCAB',5,0,0,0,1,'2014-10-25 01:46:25'),(165,34,180,'Phrases','',44,'','VOCAB',6,0,0,0,1,'2014-10-25 01:46:25'),(166,35,181,'Demonstrative adjectives','',45,'','VOCAB',1,0,0,0,1,'2014-10-25 01:41:40'),(167,35,181,'Acquaintances','คนรู้จัก',46,'','VOCAB',3,0,0,0,1,'2014-10-25 01:41:40'),(168,35,181,'Careers','งานอาชีพ',47,'','VOCAB',4,0,0,0,1,'2014-10-25 01:41:40'),(169,35,181,'Occupations','วิชาชีพ',48,'','VOCAB',5,0,0,0,1,'2014-10-25 01:41:40'),(170,35,181,'Workplaces','สถานที่ทำงาน',49,'','VOCAB',6,0,0,0,1,'2014-10-25 01:41:40'),(171,35,181,'Phrases','',50,'','VOCAB',7,0,0,0,1,'2014-10-25 01:41:40'),(172,36,182,'Words for the lesson','',51,'','VOCAB',2,0,0,0,1,'2014-10-25 01:53:01'),(173,36,182,'Common ailments','โรคทั่วไป',52,'','VOCAB',3,0,0,0,1,'2014-10-25 01:50:52'),(174,36,182,'Emotional and physical states','อารมณ์/สภาพทางกายภาพ',53,'','VOCAB',4,0,0,0,1,'2014-10-25 01:50:52'),(175,36,182,'Phrases','',54,'','VOCAB',5,0,0,0,1,'2014-10-25 01:50:52'),(176,29,0,'Vocabulary: Spell your name / Learn how to spell','แบบฝึกหัดคำศัพท์: สะกดชื่อของคุณ / เรียนรู้วิธีการสะกด',0,'','HEADER',3,0,0,0,1,'2014-11-18 00:53:27'),(177,31,0,'Vocabulary Practice: Learn and use numbers','แบบฝึกหัดคำศัพท์: เรียนรู้และใช้ตัวเลข',0,'','HEADER',2,0,0,0,1,'2014-10-25 01:35:23'),(178,32,0,'Vocabulary Practice: Talk about dates and tell time','แบบฝึกหัดคำศัพท์: พูดเกี่ยวกับวันและบอกเวลา',0,'','HEADER',2,0,0,0,1,'2014-10-25 01:32:50'),(179,33,0,'Give commands and talk about ability','แบบฝึกหัดคำศัพท์: ให้คำสั่งและการพูดคุยเกี่ยวกับความสามารถ',0,'','HEADER',2,0,0,0,1,'2014-10-25 01:33:20'),(180,34,0,'Vocabulary Practice: Greet someone new','แบบฝึกหัดคำศัพท์: ทักทายเพือนใหม่',0,'','HEADER',2,0,0,0,1,'2014-10-25 01:33:44'),(181,35,0,'Vocabulary Practice: Introductions','แบบฝึกหัดคำศัพท์: การแนะนำ',0,'','HEADER',2,0,0,0,1,'2014-10-25 01:38:29'),(182,36,0,'Vocabulary Practice: Having a conversation','แบบฝึกหัดคำศัพท์: การสนทนา',0,'','HEADER',1,0,0,0,1,'2014-10-25 01:53:01'),(183,37,0,'Vocabulary Practice: Tell about your family','แบบฝึกหัดคำศัพท์: บอกเกี่ยวกับครอบครัวของคุณ',0,'','HEADER',1,0,0,0,1,'2014-10-25 19:22:20'),(184,37,183,'Action verbs','กริยา',55,'','VOCAB',2,0,0,0,1,'2014-10-25 21:02:22'),(185,37,183,'Civil state','สถานะทางสังคม',56,'','VOCAB',3,0,0,0,1,'2014-10-25 21:03:03'),(186,37,183,'Immediate family','ครอบครัว',58,'','VOCAB',4,0,0,0,1,'2014-10-25 21:03:45'),(187,37,183,'Extended family','ญาติ',57,'','VOCAB',6,0,0,0,1,'2014-10-25 21:03:55'),(188,37,183,'Conditions','สถานะภาพ',59,'','VOCAB',7,0,0,0,1,'2014-10-25 21:04:41'),(190,37,183,'Personal characteristics','ลักษณะส่วนบุคคล',60,'','VOCAB',8,0,0,0,1,'2014-10-25 21:04:51'),(191,37,183,'School levels','ระดับการศึกษา',61,'','VOCAB',9,0,0,0,1,'2014-10-25 21:05:09'),(192,37,183,'Titles','ยศศักดิ์',71,'','VOCAB',10,0,0,0,1,'2014-10-25 20:59:53'),(193,37,183,'Phrases','',62,'','VOCAB',11,0,0,0,1,'2014-10-25 21:06:49'),(194,37,0,'Vocabulary Practice: Talk about animals','แบบฝึกหัดคำศัพท์: สนทนาเกี่ยวกับสัตว์',0,'','HEADER',12,0,0,0,1,'2014-10-25 21:08:18'),(195,37,194,'Animal Parts','ส่วนของร่างกายสัตว์',63,'','VOCAB',13,0,0,0,1,'2014-10-25 21:11:06'),(196,37,194,'Insects','แมลง',64,'','VOCAB',14,0,0,0,1,'2014-10-25 21:17:28'),(197,37,194,'Domesticated animals','ปศุสัตว์',65,'','VOCAB',15,0,0,0,1,'2014-10-25 21:17:28'),(198,37,194,'Exotic animals','สัตว์ที่แปลกใหม่',66,'','VOCAB',16,0,0,0,1,'2014-10-25 21:17:28'),(199,37,194,'Forest animals','สัตว์ป่า',67,'','VOCAB',17,0,0,0,1,'2014-10-25 21:17:28'),(200,37,194,'Aquatic animals','สัตว์น้ำ',68,'','VOCAB',18,0,0,0,1,'2014-10-25 21:17:28'),(201,37,194,'Pets','สัตว์เลี้ยง',69,'','VOCAB',19,0,0,0,1,'2014-10-25 21:17:28'),(202,37,194,'Phrases','',70,'','VOCAB',20,0,0,0,1,'2014-10-25 21:17:28'),(203,42,0,'Tutor Interview','',0,'<p>Interview Questions</p>\n','CONTENT',1,1,0,0,1,'2014-10-31 21:16:12'),(204,18,0,'Listening Practice','Listening Practice',0,'http://dev.nimbleknowledge.com/account/autoLogin/listening/DemoArabic/demoarabic','EXTERNAL_LINK',6,0,0,0,1,'2014-11-23 05:08:33'),(205,18,0,'Reading Practice','Reading Practice',0,'http://dev.nimbleknowledge.com/account/autoLogin/reading/DemoArabic/demoarabic','EXTERNAL_LINK',7,0,0,0,1,'2014-11-23 05:11:59'),(206,18,0,'Vocabulary','Vocabulary',0,'','VOCAB',8,0,0,0,1,'2014-11-23 05:13:15'),(207,67,904,'Writing Practice','การฝึกเขียน',0,'<p><span style=\"font-size:14px\">ฝึกเขียนประโยจโดยใช้ตัวอย่างต่อไปนี้</span></p>\n<p><span style=\"font-size:14px\">ขอให้เขียนอย่างน้อยห้าคำถามและคำตอบโดยใช้ตัวอย่างเป็นรูปแบบ</span></p>\n<div><img src=\"/public/coursecontent/EnglishCore3-Images/What%20time%20is%20it%201.png\" style=\"width:600px\" /></div>\n<p></p>\n<div><img src=\"/public/coursecontent/EnglishCore3-ImagesWhat%20time%20is%20it%202.png\" style=\"width:600px\" /></div>\n','CONTENT',1,0,1,0,1,'2014-11-25 08:28:35'),(208,67,904,'Writing Practice','การฝึกเขียน',0,'<p><span style=\"font-size:14px\">ฝึกเขียนประโยจโดยใช้ตัวอย่างต่อไปนี้</span></p>\n<p><span style=\"font-size:14px\">ขอให้เขียนอย่างน้อยห้าคำถามและคำตอบโดยใช้ตัวอย่างเป็นรูปแบบ</span></p>\n<div><img src=\"/public/coursecontent/EnglishCore3-Images/What%20time%20is%20it%201.png\" style=\"width:600px\" /></div>\n<p></p>\n<div><img src=\"/public/coursecontent/EnglishCore3-ImagesWhat%20time%20is%20it%202.png\" style=\"width:600px\" /></div>\n','CONTENT',2,0,1,0,1,'2014-11-25 08:28:49'),(209,28,0,'test','',0,'<p><img alt=\"\" src=\"/public/coursecontent/2014-12-03-57-agttvbekkymlbpwgbpvt.jpg\" style=\"width: 100px; height: 75px;\" /></p>\n\n<p>&nbsp;</p>\n\n<p>\n<video controls=\"\" height=\"240\" width=\"320\"><source src=\"/public/coursecontent/2014-12-03-12-rgzpkxntnnltwgtdhzzp.mp4\" type=\"video/mp4\" />Your browser does not support the HTML5 video tag.</video>\n</p>\n\n<p>&nbsp;</p>\n','CONTENT',3,0,0,0,1,'2014-12-03 00:15:52'),(210,28,0,'Assignment test','Subtitle',0,'content','CONTENT',0,0,0,0,1,'2014-12-06 21:49:29'),(211,28,0,'Another Assignment test','Subtitle',0,'content','CONTENT',0,0,0,0,1,'2014-12-06 22:13:46'),(212,28,0,'A third for good measure','Subtitle',0,'content','CONTENT',0,0,0,0,1,'2014-12-06 22:13:46');
/*!40000 ALTER TABLE `pages` ENABLE KEYS */;
UNLOCK TABLES;

--
-- Table structure for table `phinxlog`
--

DROP TABLE IF EXISTS `phinxlog`;
/*!40101 SET @saved_cs_client     = @@character_set_client */;
/*!40101 SET character_set_client = utf8 */;
CREATE TABLE `phinxlog` (
  `version` bigint(14) NOT NULL,
  `start_time` timestamp NOT NULL DEFAULT CURRENT_TIMESTAMP ON UPDATE CURRENT_TIMESTAMP,
  `end_time` timestamp NOT NULL DEFAULT '0000-00-00 00:00:00'
) ENGINE=InnoDB DEFAULT CHARSET=utf8;
/*!40101 SET character_set_client = @saved_cs_client */;

--
-- Dumping data for table `phinxlog`
--

LOCK TABLES `phinxlog` WRITE;
/*!40000 ALTER TABLE `phinxlog` DISABLE KEYS */;
INSERT INTO `phinxlog` VALUES (20141206105956,'2014-12-06 19:04:44','2014-12-06 19:04:44');
/*!40000 ALTER TABLE `phinxlog` ENABLE KEYS */;
UNLOCK TABLES;

--
-- Table structure for table `posts`
--

DROP TABLE IF EXISTS `posts`;
/*!40101 SET @saved_cs_client     = @@character_set_client */;
/*!40101 SET character_set_client = utf8 */;
CREATE TABLE `posts` (
  `id` int(10) unsigned NOT NULL,
  `classid` int(10) unsigned NOT NULL DEFAULT '1',
  `userid` int(10) unsigned NOT NULL,
  `pageid` int(10) unsigned NOT NULL,
  `postrootparentid` int(10) unsigned NOT NULL DEFAULT '0',
  `post_reply_id` int(10) unsigned NOT NULL DEFAULT '0',
  `video_url` varchar(255) NOT NULL,
  `video_thumbnail_url` varchar(255) NOT NULL,
  `message` text NOT NULL,
  `upload_url` varchar(255) NOT NULL,
  `upload_file_name` varchar(60) NOT NULL,
  `is_teacher` tinyint(3) unsigned NOT NULL DEFAULT '0',
  `is_private` tinyint(1) NOT NULL DEFAULT '0',
  `is_deleted` tinyint(3) unsigned NOT NULL DEFAULT '0',
  `created` timestamp NOT NULL DEFAULT CURRENT_TIMESTAMP
) ENGINE=InnoDB DEFAULT CHARSET=utf8;
/*!40101 SET character_set_client = @saved_cs_client */;

--
-- Dumping data for table `posts`
--

LOCK TABLES `posts` WRITE;
/*!40000 ALTER TABLE `posts` DISABLE KEYS */;
INSERT INTO `posts` VALUES (54,1,1,3,54,54,'/public/uservids/2014-09-09-32-spwhkdyodr.mp4','/public/uservidthumbnails/2014-09-09-32-spwhkdyodr.jpg','Brand New Video Upload.','','',0,0,0,'2014-09-09 19:03:40'),(55,1,1,3,54,54,'/public/uservids/2014-09-09-59-wzkwpbfjgn.mp4','/public/uservidthumbnails/2014-09-09-59-wzkwpbfjgn.jpg','replying to brand new end upload post with uploaded file response.','','',0,0,0,'2014-09-09 20:35:07'),(56,1,1,3,54,55,'/public/uservids/2014-09-09-42-vbbepdafak.mp4','/public/uservidthumbnails/2014-09-09-42-vbbepdafak.jpg','Replying to The Reply so this is the reply to a reply for upload video','','',0,0,0,'2014-09-09 20:42:50'),(57,1,1,3,54,56,'/public/uservids/2014-09-09-27-vkgjkkshrt.mp4','/public/uservidthumbnails/2014-09-09-27-vkgjkkshrt.jpg','Nested 3 deep! Uploading file','','',0,0,0,'2014-09-09 20:48:35'),(58,1,1,3,54,57,'/public/uservids/2014-09-09-35-mgjnskuksu.mp4','/public/uservidthumbnails/2014-09-09-35-mgjnskuksu.jpg','Nested 4 deep','','',0,0,0,'2014-09-09 20:53:43'),(59,1,1,3,54,58,'/public/uservids/2014-09-09-36-lsktwcxfrz.mp4','/public/uservidthumbnails/2014-09-09-36-lsktwcxfrz.jpg','Nested 5 Deep','','',0,0,0,'2014-09-09 20:55:45'),(60,1,1,3,54,59,'/public/uservids/2014-09-09-24-krpbodfmna.mp4','/public/uservidthumbnails/2014-09-09-24-krpbodfmna.jpg','Nested 5 deep','','',0,0,0,'2014-09-09 20:59:32'),(61,1,1,3,54,60,'/public/uservids/2014-09-09-48-rncvixbctb.mp4','/public/uservidthumbnails/2014-09-09-48-rncvixbctb.jpg','nested 8','','',0,0,0,'2014-09-09 21:04:56'),(62,1,1,3,54,61,'/public/uservids/2014-09-09-20-mgpkbnicje.mp4','/public/uservidthumbnails/2014-09-09-20-mgpkbnicje.jpg','Nested 9 Deep','','',0,0,1,'2014-09-09 21:10:28'),(63,1,1,3,54,62,'/public/uservids/2014-09-09-01-dsaiosknzr.mp4','/public/uservidthumbnails/2014-09-09-01-dsaiosknzr.jpg','nested 10 deep','','',0,0,1,'2014-09-09 21:13:09'),(64,1,1,3,54,54,'/public/uservids/2014-09-09-44-miopdjhisp.mp4','/public/uservidthumbnails/2014-09-09-44-miopdjhisp.jpg','Posting To The Original Post','','',0,0,0,'2014-09-09 21:15:52'),(65,1,1,3,54,64,'/public/uservids/2014-09-09-04-rxskymybvr.mp4','/public/uservidthumbnails/2014-09-09-04-rxskymybvr.jpg','Replying Testing Progress Bar','','',0,0,0,'2014-09-09 21:47:12'),(66,1,1,3,54,65,'/public/uservids/2014-09-09-35-izazekozay.mp4','/public/uservidthumbnails/2014-09-09-35-izazekozay.jpg','Uploading video','','',0,0,0,'2014-09-09 23:09:43'),(67,1,4,3,54,66,'/public/uservids/2014-09-09-54-mmgfnpdgjm.mp4','/public/uservidthumbnails/2014-09-09-54-mmgfnpdgjm.jpg','','','',0,0,0,'2014-09-09 23:26:11'),(68,1,4,3,54,67,'/public/uservids/2014-09-09-30-rmkouceaxa.mp4','/public/uservidthumbnails/2014-09-09-30-rmkouceaxa.jpg','','','',0,0,1,'2014-09-09 23:26:47'),(69,1,4,3,54,68,'/public/uservids/2014-09-09-20-oxxfxkryiu.mp4','/public/uservidthumbnails/2014-09-09-20-oxxfxkryiu.jpg','test','','',0,0,1,'2014-09-09 23:27:28'),(70,1,4,4,70,70,'/public/uservids/2014-09-11-42-suugmnmjik.mp4','/public/uservidthumbnails/2014-09-11-42-suugmnmjik.jpg','','','',0,0,0,'2014-09-11 13:14:43'),(71,1,4,4,70,70,'/public/uservids/2014-09-11-46-rznvjgfkib.mp4','/public/uservidthumbnails/2014-09-11-46-rznvjgfkib.jpg','','','',0,0,0,'2014-09-11 13:14:58'),(72,1,4,4,72,72,'/public/uservids/2014-09-11-09-ylekfovzke.mp4','/public/uservidthumbnails/2014-09-11-09-ylekfovzke.jpg','','','',0,0,0,'2014-09-11 13:15:19'),(73,1,2,3,73,73,'/public/uservids/2014-09-11-44-ymoyrvuxfh.mp4','/public/uservidthumbnails/2014-09-11-44-ymoyrvuxfh.jpg','','','',0,0,0,'2014-09-11 13:20:47'),(74,1,2,3,74,74,'/public/uservids/2014-09-11-49-gfgnthtndi.mp4','/public/uservidthumbnails/2014-09-11-49-gfgnthtndi.jpg','','','',0,0,0,'2014-09-11 13:22:54'),(75,1,2,3,54,54,'/public/uservids/2014-09-11-23-kxkpzegowe.mp4','/public/uservidthumbnails/2014-09-11-23-kxkpzegowe.jpg','','','',0,0,0,'2014-09-11 19:39:53'),(76,1,1,3,54,75,'/public/uservids/2014-09-11-10-knbxxrgijk.mp4','/public/uservidthumbnails/2014-09-11-10-knbxxrgijk.jpg','','','',0,0,0,'2014-09-11 19:41:36'),(77,1,1,3,54,76,'/public/uservids/2014-09-11-50-fghelpedmj.mp4','/public/uservidthumbnails/2014-09-11-50-fghelpedmj.jpg','Testing Testing Testing Again!!!','','',0,0,0,'2014-09-11 19:44:21'),(78,1,1,3,54,77,'/public/uservids/2014-09-11-26-bfifpefzrk.mp4','/public/uservidthumbnails/2014-09-11-26-bfifpefzrk.jpg','Testing Testing Testing Again!!!!','','',0,0,0,'2014-09-11 19:46:34'),(79,1,1,3,54,78,'/public/uservids/2014-09-11-22-jlwtrgifkc.mp4','/public/uservidthumbnails/2014-09-11-22-jlwtrgifkc.jpg','Trying To upload another video!!!','','',0,0,0,'2014-09-11 19:47:29'),(80,1,1,3,80,80,'/public/uservids/2014-09-12-49-hekoufybod.mp4','/public/uservidthumbnails/2014-09-12-49-hekoufybod.jpg','Testing Delete!','','',0,0,1,'2014-09-12 19:44:09'),(81,1,1,3,81,81,'/public/uservids/2014-09-12-07-nukutzuiub.mp4','/public/uservidthumbnails/2014-09-12-07-nukutzuiub.jpg','Delete this message','','',0,0,1,'2014-09-12 19:48:33'),(82,1,1,3,81,81,'/public/uservids/2014-09-12-42-xjljnvcvfb.mp4','/public/uservidthumbnails/2014-09-12-42-xjljnvcvfb.jpg','Second thing to delete','','',0,0,1,'2014-09-12 19:49:18'),(83,1,2,3,74,74,'/public/uservids/2014-09-13-02-xdtfoxjytj.mp4','/public/uservidthumbnails/2014-09-13-02-xdtfoxjytj.jpg','','','',0,0,0,'2014-09-13 00:44:21'),(84,1,1,5,84,84,'/public/uservids/2014-09-13-04-rfcmifhkst.mp4','/public/uservidthumbnails/2014-09-13-04-rfcmifhkst.jpg','Some Text','','',0,0,1,'2014-09-13 17:39:31'),(85,1,1,3,85,85,'/public/uservids/2014-09-13-19-zrwjjmmymx.mp4','/public/uservidthumbnails/2014-09-13-19-zrwjjmmymx.jpg','Test This Video Submission','','',0,0,1,'2014-09-13 18:09:43'),(86,1,1,5,86,86,'','','Text Message Test!','','',0,0,1,'2014-09-13 18:21:23'),(87,1,1,5,86,86,'','','Text Message respond to test!','','',0,0,1,'2014-09-13 18:22:49'),(88,1,1,5,86,87,'','','Test Again on A Text Post','','',0,0,1,'2014-09-13 18:26:42'),(89,1,1,5,86,86,'','','Test To a response with text!','','',0,0,1,'2014-09-13 18:28:37'),(90,1,1,5,90,90,'','','A New Text Message!','','',0,0,1,'2014-09-13 18:28:55'),(91,1,1,5,91,91,'','','Testing Text Message','','',0,0,0,'2014-09-13 18:32:42'),(92,1,1,5,91,91,'','','Test Text Message Response','','',0,0,0,'2014-09-13 18:32:56'),(93,1,1,4,93,93,'/public/uservids/2014-09-13-37-ggymvkiyvv.mp4','/public/uservidthumbnails/2014-09-13-37-ggymvkiyvv.jpg','Uploading File','','',0,0,1,'2014-09-13 18:33:46'),(94,1,1,4,93,93,'/public/uservids/2014-09-13-50-nntnnelwtv.mp4','/public/uservidthumbnails/2014-09-13-50-nntnnelwtv.jpg','That IS Great','','',0,0,1,'2014-09-13 18:34:08'),(95,1,1,3,95,95,'/public/uservids/2014-09-13-54-iyikyikfco.mp4','/public/uservidthumbnails/2014-09-13-54-iyikyikfco.jpg','Testing Making Private','','',0,0,1,'2014-09-13 18:56:24'),(96,1,1,3,96,96,'/public/uservids/2014-09-13-30-ulovsdmpsn.mp4','/public/uservidthumbnails/2014-09-13-30-ulovsdmpsn.jpg','Testing Checking Make Private','','',0,0,1,'2014-09-13 18:57:59'),(97,1,1,3,97,97,'/public/uservids/2014-09-13-28-cdzchejgwi.mp4','/public/uservidthumbnails/2014-09-13-28-cdzchejgwi.jpg','Is Making Private Is Checked','','',0,0,0,'2014-09-13 18:58:55'),(98,1,1,3,98,98,'/public/uservids/2014-09-13-39-lfkwfbhxjf.mp4','/public/uservidthumbnails/2014-09-13-39-lfkwfbhxjf.jpg','Made Private Cross Fingers!!!','','',0,1,0,'2014-09-13 19:06:02'),(99,1,1,3,98,98,'/public/uservids/2014-09-13-27-lfkchkevkn.mp4','/public/uservidthumbnails/2014-09-13-27-lfkchkevkn.jpg','Private As Well','','',0,0,0,'2014-09-13 19:08:36'),(100,1,1,3,100,100,'/public/uservids/2014-09-13-19-hyutcyvkcb.mp4','/public/uservidthumbnails/2014-09-13-19-hyutcyvkcb.jpg','Private','','',0,1,0,'2014-09-13 19:13:27'),(101,1,1,3,101,101,'/public/uservids/2014-09-13-02-floarhiokc.mp4','/public/uservidthumbnails/2014-09-13-02-floarhiokc.jpg','Private AGAIN','','',0,1,0,'2014-09-13 19:15:11'),(102,1,1,5,102,102,'','','Made Private','','',0,1,0,'2014-09-13 19:16:22'),(103,1,1,6,103,103,'','','Forced Make Private','','',0,1,0,'2014-09-13 19:31:30'),(104,1,1,5,104,104,'','','Not Forced','','',0,0,0,'2014-09-13 19:32:09'),(105,1,1,4,105,105,'/public/uservids/2014-09-13-14-flllpwcfks.mp4','/public/uservidthumbnails/2014-09-13-14-flllpwcfks.jpg','','','',0,1,1,'2014-09-13 19:41:26'),(106,1,4,6,106,106,'','','Forced Private For demo','','',0,1,0,'2014-09-13 19:49:05'),(107,1,4,6,106,106,'','','Responding TO My Self Demo IS private','','',0,1,0,'2014-09-14 18:50:33'),(108,1,2,6,103,103,'','','Responding As A Teacher As To A Private Message','','',1,1,0,'2014-09-14 19:29:26'),(109,1,1,6,103,108,'','','Responding To A Teacher Messages all is private','','',0,1,0,'2014-09-14 19:31:37'),(110,1,1,4,110,110,'/public/uservids/2014-09-14-48-mskcjzaeia.mp4','/public/uservidthumbnails/2014-09-14-48-mskcjzaeia.jpg','This Should Be private on test page 2','','',0,1,0,'2014-09-14 19:35:16'),(111,1,2,4,110,110,'/public/uservids/2014-09-14-01-beykvtmzrf.mp4','/public/uservidthumbnails/2014-09-14-01-beykvtmzrf.jpg','Responding As A Teacher To Private Post','','',1,1,1,'2014-09-14 19:37:55'),(112,1,1,4,112,112,'/public/uservids/2014-09-14-47-llxsfsajfe.mp4','/public/uservidthumbnails/2014-09-14-47-llxsfsajfe.jpg','Private','','',0,1,0,'2014-09-14 19:49:55'),(113,1,2,4,112,112,'/public/uservids/2014-09-14-23-njekekvjlu.mp4','/public/uservidthumbnails/2014-09-14-23-njekekvjlu.jpg','private from teacher','','',1,1,0,'2014-09-14 19:52:31'),(114,1,1,4,112,113,'/public/uservids/2014-09-14-25-emgzmybdit.mp4','/public/uservidthumbnails/2014-09-14-25-emgzmybdit.jpg','Thanks For The Response Teacher I will think about what you said. Thanks','','',0,1,0,'2014-09-14 19:54:33'),(115,1,2,4,112,114,'/public/uservids/2014-09-14-27-ihtzymcmaj.mp4','/public/uservidthumbnails/2014-09-14-27-ihtzymcmaj.jpg','No Problem','','',1,1,0,'2014-09-14 19:55:35'),(116,1,1,4,116,116,'','','','/public/useruploads/2014-09-15-48-rdpzgxfxny.jpg','Desert.jpg',0,1,1,'2014-09-15 07:46:48'),(117,1,1,4,117,117,'','','An Image Uploaded','/public/useruploads/2014-09-15-18-nkjyprhgat.jpg','Jellyfish.jpg',0,1,1,'2014-09-15 08:15:18'),(118,1,1,4,118,118,'','','A PDF FILE','/public/useruploads/2014-09-15-59-nmegwutavk.pdf','example.pdf',0,1,1,'2014-09-15 08:16:59'),(119,1,1,4,116,116,'','','Another File','/public/useruploads/2014-09-15-35-jwnktkyabj.jpg','Koala.jpg',0,1,1,'2014-09-15 08:19:35'),(120,1,1,7,120,120,'','','This is An Image','/public/useruploads/2014-09-15-03-zcsodkhaus.jpg','Hydrangeas.jpg',0,1,1,'2014-09-15 09:17:03'),(121,1,1,7,121,121,'','','','/public/useruploads/2014-09-15-54-uvtztcklyk.jpg','Desert.jpg',0,0,0,'2014-09-15 09:18:54'),(122,1,1,7,122,122,'','','','/public/useruploads/2014-09-15-29-ipoajdygcy.jpg','Tulips.jpg',0,0,0,'2014-09-15 09:21:29'),(123,1,1,7,121,121,'','','Great Image Of A Koala Bear','/public/useruploads/2014-09-15-36-opsynpczsh.jpg','Koala.jpg',0,0,1,'2014-09-15 09:23:36'),(124,1,1,7,124,124,'','','','/public/useruploads/2014-09-15-44-zzrvufrbrc.jpg','Lighthouse.jpg',0,0,0,'2014-09-15 09:24:44'),(125,1,1,7,121,121,'','','Another Great Image','/public/useruploads/2014-09-15-38-asgyjdfbfb.jpg','Penguins.jpg',0,0,1,'2014-09-15 09:25:38'),(126,1,1,3,97,97,'/public/uservids/2014-09-15-48-mepilfalle.mp4','/public/uservidthumbnails/2014-09-15-48-mepilfalle.jpg','Replying at 3 in the morning','','',0,1,0,'2014-09-15 09:33:21'),(127,1,1,3,97,126,'/public/uservids/2014-09-15-09-hnnunmnyik.mp4','/public/uservidthumbnails/2014-09-15-09-hnnunmnyik.jpg','This Is Also Three in the morning','','',0,1,0,'2014-09-15 09:35:17'),(128,1,1,7,124,124,'','','a GREAT IMAGE OF A KOALO','/public/useruploads/2014-09-15-01-bhkkbyykjj.jpg','Koala.jpg',0,1,0,'2014-09-15 09:38:01'),(129,1,1,8,129,129,'/public/uservids/2014-09-15-54-msfnobbkgk.mp4','/public/uservidthumbnails/2014-09-15-54-msfnobbkgk.jpg','This is the first post in unit two page one','','',0,1,1,'2014-09-15 10:32:02'),(130,1,1,8,129,129,'/public/uservids/2014-09-15-16-ypkzkokpzk.mp4','/public/uservidthumbnails/2014-09-15-16-ypkzkokpzk.jpg','Recorded Response','','',0,1,1,'2014-09-15 10:32:41'),(131,1,1,9,131,131,'','','Hi There','','',0,1,0,'2014-09-15 10:35:47'),(132,1,1,9,131,131,'','','How are you','','',0,1,0,'2014-09-15 10:35:59'),(133,1,1,9,131,131,'','','This is great','','',0,1,0,'2014-09-15 10:36:14'),(134,1,1,9,131,132,'','','I am doing good!','','',0,1,0,'2014-09-15 10:36:28'),(135,1,1,9,135,135,'','','How is everybody?','','',0,1,0,'2014-09-15 10:36:43'),(136,1,1,8,136,136,'/public/uservids/2014-09-15-54-uzpwojimzr.mp4','/public/uservidthumbnails/2014-09-15-54-uzpwojimzr.jpg','Brand new message','','',0,1,0,'2014-09-15 10:39:14'),(137,1,1,10,137,137,'','','Hmm This shouldn\'t have worked','/public/useruploads/2014-09-15-10-xdmrhmphkk.jpg','Hydrangeas.jpg',0,1,0,'2014-09-15 10:41:10'),(138,1,1,11,138,138,'/public/uservids/2014-09-15-05-wzaszvygth.mp4','/public/uservidthumbnails/2014-09-15-05-wzaszvygth.jpg','Just Awesome','','',0,1,0,'2014-09-15 10:51:28'),(139,1,1,11,138,138,'/public/uservids/2014-09-15-07-vnjamdakke.mp4','/public/uservidthumbnails/2014-09-15-07-vnjamdakke.jpg','Just awesome yea!','','',0,1,0,'2014-09-15 10:54:28'),(140,1,1,11,138,139,'/public/uservids/2014-09-15-51-upkepvbaxe.mp4','/public/uservidthumbnails/2014-09-15-51-upkepvbaxe.jpg','uploading','','',0,1,0,'2014-09-15 10:54:59'),(141,1,2,7,141,141,'','','','/public/useruploads/2014-09-15-32-tgfkzugyrk.doc','E3-Edkey MEGLMS delivery schedule - August 20 2014.doc',1,0,0,'2014-09-15 14:07:32'),(142,1,4,4,72,72,'/public/uservids/2014-09-17-40-gjvfncjkhh.mp4','/public/uservidthumbnails/2014-09-17-40-gjvfncjkhh.jpg','','','',0,0,0,'2014-09-17 18:07:44'),(143,1,4,4,143,143,'/public/uservids/2014-09-17-54-bphtjvbwhu.mp4','/public/uservidthumbnails/2014-09-17-54-bphtjvbwhu.jpg','','','',0,0,0,'2014-09-17 18:08:47'),(144,1,4,3,97,126,'/public/uservids/2014-09-17-44-kcjkiknajd.mp4','/public/uservidthumbnails/2014-09-17-44-kcjkiknajd.jpg','','','',0,0,0,'2014-09-17 18:10:06'),(145,1,4,3,74,83,'/public/uservids/2014-09-17-25-gkkucaibwb.mp4','/public/uservidthumbnails/2014-09-17-25-gkkucaibwb.jpg','','','',0,0,0,'2014-09-17 18:11:05'),(146,1,4,3,74,145,'/public/uservids/2014-09-17-20-vvluxkyxwn.mp4','/public/uservidthumbnails/2014-09-17-20-vvluxkyxwn.jpg','','','',0,0,0,'2014-09-17 18:11:48'),(147,1,4,3,74,146,'/public/uservids/2014-09-17-53-chwuimfoog.mp4','/public/uservidthumbnails/2014-09-17-53-chwuimfoog.jpg','','','',0,0,0,'2014-09-17 18:12:30'),(148,1,4,3,74,147,'/public/uservids/2014-09-17-33-dlihalcjjn.mp4','/public/uservidthumbnails/2014-09-17-33-dlihalcjjn.jpg','','','',0,0,0,'2014-09-17 18:12:41'),(149,1,4,3,74,148,'/public/uservids/2014-09-17-44-jpovgfdcyy.mp4','/public/uservidthumbnails/2014-09-17-44-jpovgfdcyy.jpg','','','',0,0,0,'2014-09-17 18:13:01'),(150,1,4,3,150,150,'/public/uservids/2014-09-17-59-wlbeszchdm.mp4','/public/uservidthumbnails/2014-09-17-59-wlbeszchdm.jpg','','','',0,0,0,'2014-09-17 22:21:05'),(151,1,2,3,151,151,'/public/uservids/2014-09-17-56-tvynxafjsw.mp4','/public/uservidthumbnails/2014-09-17-56-tvynxafjsw.jpg','','','',1,0,0,'2014-09-17 22:36:05'),(152,1,1,4,152,152,'/public/uservids/2014-09-17-02-hzppocutvy.mp4','/public/uservidthumbnails/2014-09-17-02-hzppocutvy.jpg','ie','','',1,0,0,'2014-09-17 23:28:32'),(153,1,1,4,153,153,'/public/uservids/2014-09-17-27-subezvdrmw.mp4','/public/uservidthumbnails/2014-09-17-27-subezvdrmw.jpg','','','',1,0,1,'2014-09-17 23:33:32'),(154,1,1,3,154,154,'/public/uservids/2014-09-17-58-xletnxfsra.mp4','/public/uservidthumbnails/2014-09-17-58-xletnxfsra.jpg','','','',1,0,1,'2014-09-17 23:49:23'),(155,1,1,3,155,155,'/public/uservids/2014-09-18-12-rkljavgnzs.mp4','/public/uservidthumbnails/2014-09-18-12-rkljavgnzs.jpg','','','',1,0,0,'2014-09-18 00:55:58'),(156,1,1,3,156,156,'/public/uservids/2014-09-18-20-uoksctdkto.mp4','/public/uservidthumbnails/2014-09-18-20-uoksctdkto.jpg','Firefox','','',1,0,1,'2014-09-18 00:58:41'),(157,1,1,4,157,157,'/public/uservids/2014-09-18-40-ggkpitgopd.mp4','/public/uservidthumbnails/2014-09-18-40-ggkpitgopd.jpg','testing','','',1,0,1,'2014-09-18 01:08:12'),(158,1,1,4,152,152,'/public/uservids/2014-09-18-37-mlgebfydna.mp4','/public/uservidthumbnails/2014-09-18-37-mlgebfydna.jpg','testing in smaller window','','',1,0,0,'2014-09-18 01:08:57'),(159,1,4,12,159,159,'/public/uservids/2014-09-18-29-wjkkydmdzk.mp4','/public/uservidthumbnails/2014-09-18-29-wjkkydmdzk.jpg','This is a sample upload.','','',0,0,1,'2014-09-18 17:12:41'),(160,1,4,12,159,159,'/public/uservids/2014-09-18-52-kmkvjthmnc.mp4','/public/uservidthumbnails/2014-09-18-52-kmkvjthmnc.jpg','This is from Daniel.','','',0,0,1,'2014-09-18 17:13:30'),(161,1,5,12,161,161,'/public/uservids/2014-09-18-10-wjpmwjelnk.mp4','/public/uservidthumbnails/2014-09-18-10-wjpmwjelnk.jpg','Testing From Thai Demo','','',0,0,1,'2014-09-18 17:19:36'),(162,1,5,12,161,161,'/public/uservids/2014-09-18-18-ogykyzmmol.mp4','/public/uservidthumbnails/2014-09-18-18-ogykyzmmol.jpg','Un Uploaded Video Mp4','','',0,0,1,'2014-09-18 17:20:26'),(163,1,5,12,163,163,'/public/uservids/2014-09-18-14-cscjjwytmr.mp4','/public/uservidthumbnails/2014-09-18-14-cscjjwytmr.jpg','Testing','','',0,0,1,'2014-09-18 17:49:29'),(164,1,5,12,163,163,'/public/uservids/2014-09-18-33-onkmhmywsu.mp4','/public/uservidthumbnails/2014-09-18-33-onkmhmywsu.jpg','Replying To Test','','',0,0,1,'2014-09-18 17:49:51'),(165,1,5,12,165,165,'/public/uservids/2014-09-18-24-ijvovsfkvm.mp4','/public/uservidthumbnails/2014-09-18-24-ijvovsfkvm.jpg','','','',0,0,1,'2014-09-18 18:00:33'),(166,1,5,12,166,166,'/public/uservids/2014-09-18-23-ojjisanjyz.mp4','/public/uservidthumbnails/2014-09-18-23-ojjisanjyz.jpg','Here Is A Nice Message','','',0,0,1,'2014-09-18 18:14:48'),(167,1,5,12,166,166,'/public/uservids/2014-09-18-25-moteutxosb.mp4','/public/uservidthumbnails/2014-09-18-25-moteutxosb.jpg','','','',0,0,1,'2014-09-18 18:15:33'),(168,1,5,12,168,168,'/public/uservids/2014-09-18-32-vfnrvrrzfi.mp4','/public/uservidthumbnails/2014-09-18-32-vfnrvrrzfi.jpg','Great Work!','','',0,0,1,'2014-09-18 19:13:40'),(169,1,1,16,169,169,'/public/uservids/2014-09-19-36-ozxunlkbmd.mp4','/public/uservidthumbnails/2014-09-19-36-ozxunlkbmd.jpg','','','',1,0,1,'2014-09-19 02:35:40'),(170,1,4,16,170,170,'/public/uservids/2014-09-19-50-ljtjsdotol.mp4','/public/uservidthumbnails/2014-09-19-50-ljtjsdotol.jpg','','','',0,0,1,'2014-09-19 02:46:11'),(171,1,4,15,171,171,'','','Testing writing','','',0,0,1,'2014-09-19 16:41:23'),(172,1,4,15,171,171,'','','testing','','',0,0,1,'2014-09-19 16:41:47'),(173,1,4,16,170,170,'/public/uservids/2014-09-19-15-mkdrklleyc.mp4','/public/uservidthumbnails/2014-09-19-15-mkdrklleyc.jpg','','','',0,0,1,'2014-09-19 16:42:39'),(174,1,4,15,174,174,'','','Test post','','',0,0,1,'2014-09-19 17:18:18'),(175,1,4,16,175,175,'/public/uservids/2014-09-19-33-pzejpttaxh.mp4','/public/uservidthumbnails/2014-09-19-33-pzejpttaxh.jpg','','','',0,0,1,'2014-09-19 17:18:45'),(176,1,4,16,176,176,'/public/uservids/2014-09-19-27-krjdryjrgy.mp4','/public/uservidthumbnails/2014-09-19-27-krjdryjrgy.jpg','','','',0,0,1,'2014-09-19 20:43:29'),(177,1,4,15,177,177,'','','1.  How many brothers and sisters do you have? I have five brothers and sisters.              2.  How many children does he have ?  He has one children.                                           3.How many father and mother  does he h ave? He has parents.                      4.How many wife  does he have?   He has  wife.        5.How many cousins do they have?  They have ten cousins.','','',0,0,0,'2014-09-20 10:16:24'),(178,1,4,15,178,178,'','','How many  brother  and sisters do you  have?\nI  have  one brother  and  a sister.\nHow  many children  does he have?\nHe has one child.\nHow  many bags does  she have?\nshe has the bags.\nHow  much  money  does  he have?\nHe has 3,000  Baht.\nHow many cousins does  she have?\nShe  has ten cousins.','','',0,0,0,'2014-09-20 10:17:28'),(179,1,4,16,179,179,'/public/uservids/2014-09-20-34-lfwjsbpxet.mp4','/public/uservidthumbnails/2014-09-20-34-lfwjsbpxet.jpg','','','',0,0,1,'2014-09-20 10:26:52'),(180,1,4,16,180,180,'/public/uservids/2014-09-20-14-hdzdkpneck.mp4','/public/uservidthumbnails/2014-09-20-14-hdzdkpneck.jpg','','','',0,0,0,'2014-09-20 10:28:16'),(181,1,4,15,178,178,'','','Your questions and the answers are great! \nThe writing has no problem, the grammar is perfect. \nHowever, you can make new ideas, new vocabulary words instead of the words in the reading materials.\n\nการเขียนของคุณดีมากๆ ครับ ถูกต้องตามหลังไวยากรณ์ ร้อยเปอร์เซ็น \nแต่สิ่งที่อยากทำให้ดีขึ้นคือใช้คำอื่นได้ นอกเหนือจากคำศัพท์ในแบบฝึกหัด','','',0,0,0,'2014-09-22 09:10:21'),(182,1,4,15,177,177,'','','ถูกต้องตามหลังไวยากรณ์ ร้อยเปอร์เซ็น แต่สิ่งที่อยากทำให้ดีขึ้นคือใช้คำอื่นได้ นอกเหนือจากคำศัพท์ในแบบฝึกหัด\nแล้วก็อยากให้ฝึกพูดเยอะๆ','','',0,0,1,'2014-09-22 09:11:29'),(183,1,4,15,177,177,'','','ถูกต้องตามหลังไวยากรณ์ ร้อยเปอร์เซ็น แต่สิ่งที่อยากทำให้ดีขึ้นคือใช้คำอื่นได้ นอกเหนือจากคำศัพท์ในแบบฝึกหัด\nแล้วก็อยากให้ฝึกพูดเยอะๆ','','',0,0,0,'2014-09-22 09:11:30'),(184,1,4,16,180,180,'/public/uservids/2014-09-22-30-weinskuagl.mp4','/public/uservidthumbnails/2014-09-22-30-weinskuagl.jpg','','','',0,0,1,'2014-09-22 17:00:24'),(185,1,4,16,179,179,'/public/uservids/2014-09-22-43-damliwygai.mp4','/public/uservidthumbnails/2014-09-22-43-damliwygai.jpg','','','',0,0,1,'2014-09-22 17:06:40'),(186,1,4,16,186,186,'/public/uservids/2014-09-22-08-kpjtwjlsfd.mp4','/public/uservidthumbnails/2014-09-22-08-kpjtwjlsfd.jpg','','','',0,0,0,'2014-09-22 18:01:21'),(187,1,4,16,180,180,'/public/uservids/2014-09-23-52-tdckiaowvj.mp4','/public/uservidthumbnails/2014-09-23-52-tdckiaowvj.jpg','','','',0,0,0,'2014-09-23 15:32:46'),(188,1,4,16,186,186,'/public/uservids/2014-09-23-50-rgnleopbbb.mp4','/public/uservidthumbnails/2014-09-23-50-rgnleopbbb.jpg','','','',0,0,0,'2014-09-23 15:34:30'),(189,1,5,15,189,189,'','','How many brothers and sisters do you have?  I have one brother and one sister.','','',0,0,1,'2014-09-23 16:28:41'),(190,1,5,15,190,190,'','','what is this','','',0,0,1,'2014-09-25 02:12:00'),(191,2,1,7,191,191,'','','','/public/useruploads/2014-09-25-25-kyujguylwy.jpg','Desert.jpg',1,0,0,'2014-09-25 22:19:25'),(192,1,5,16,192,192,'/public/uservids/2014-09-25-00-lakmzckrwd.mp4','/public/uservidthumbnails/2014-09-25-00-lakmzckrwd.jpg','','','',0,0,1,'2014-09-25 23:33:02'),(193,1,5,16,193,193,'/public/uservids/2014-09-25-47-kthjiufkhw.mp4','/public/uservidthumbnails/2014-09-25-47-kthjiufkhw.jpg','','','',0,0,1,'2014-09-25 23:36:47'),(194,1,5,15,194,194,'','','How many brothers do you have?\nI have eight brothers.','','',0,0,0,'2014-09-26 04:04:56'),(195,1,5,16,195,195,'/public/uservids/2014-09-26-21-kfsvwjovkz.mp4','/public/uservidthumbnails/2014-09-26-21-kfsvwjovkz.jpg','','','',0,0,1,'2014-09-26 04:07:08'),(196,1,5,15,196,196,'','','How many brothers and sisters do you have?\nI have two brothers and a sister.','','',0,0,1,'2014-09-26 15:09:31'),(197,1,5,15,196,196,'','','Great job!  Try to focus on plural noune','','',0,0,1,'2014-09-26 15:09:53'),(198,1,5,15,198,198,'','','How many brothers and sisters do you have?  I have two brothers and a sister.','','',0,0,1,'2014-09-26 18:10:50'),(199,1,5,15,198,198,'','','Great job!  You should focus on using more plural pronouns.','','',0,0,1,'2014-09-26 18:11:34'),(200,2,1,31,200,200,'/public/uservids/2014-09-30-09-dzeppvjvec.mp4','/public/uservidthumbnails/2014-09-30-09-dzeppvjvec.jpg','','','',1,0,1,'2014-09-30 20:22:18'),(201,2,2,39,201,201,'/public/uservids/2014-09-30-16-kugnuyshkm.mp4','/public/uservidthumbnails/2014-09-30-16-kugnuyshkm.jpg','','','',1,0,1,'2014-09-30 23:30:25'),(202,2,2,48,202,202,'/public/uservids/2014-10-01-49-urukdsnksz.mp4','/public/uservidthumbnails/2014-10-01-49-urukdsnksz.jpg','','','',1,0,0,'2014-10-01 22:57:20'),(203,2,2,53,203,203,'','','','/public/useruploads/2014-10-01-02-spklcskzgh.doc','DraftResponse.doc',1,0,0,'2014-10-01 23:45:02'),(204,2,2,56,204,204,'','','some text','','',1,0,0,'2014-10-01 23:46:43'),(205,1,5,15,205,205,'','','How many brothers and sisters do you have?  I have two brothers and a sister.\n\nHow many children does he have?  He has three children.','','',0,0,1,'2014-10-02 12:43:28'),(206,1,5,15,205,205,'','','Great job!  Try and mix things up and use different sentence combinations.  Make sure you pay attention to spelling.','','',0,0,1,'2014-10-02 12:44:11'),(207,2,4,48,207,207,'/public/uservids/2014-10-07-11-ybhrokrmkc.mp4','/public/uservidthumbnails/2014-10-07-11-ybhrokrmkc.jpg','','','',0,0,0,'2014-10-07 23:33:44'),(208,5,7,76,208,208,'/public/uservids/2014-10-08-37-faadufyahn.mp4','/public/uservidthumbnails/2014-10-08-37-faadufyahn.jpg','','','',0,0,1,'2014-10-08 01:45:58'),(209,5,7,76,208,208,'/public/uservids/2014-10-08-08-xdyrrvmkgu.mp4','/public/uservidthumbnails/2014-10-08-08-xdyrrvmkgu.jpg','','','',0,0,1,'2014-10-08 01:46:14'),(210,5,7,76,210,210,'/public/uservids/2014-10-09-10-wkjpfkrnjd.mp4','/public/uservidthumbnails/2014-10-09-10-wkjpfkrnjd.jpg','','','',0,0,1,'2014-10-09 18:25:24'),(211,5,7,76,210,210,'/public/uservids/2014-10-09-31-okrfoxzjlt.mp4','/public/uservidthumbnails/2014-10-09-31-okrfoxzjlt.jpg','','','',0,0,1,'2014-10-09 18:25:40'),(212,5,7,76,212,212,'/public/uservids/2014-10-09-41-bfgjynmhor.mp4','/public/uservidthumbnails/2014-10-09-41-bfgjynmhor.jpg','','','',0,0,1,'2014-10-09 18:38:56'),(213,5,7,76,212,212,'/public/uservids/2014-10-09-21-zehmayjkxe.mp4','/public/uservidthumbnails/2014-10-09-21-zehmayjkxe.jpg','','','',0,0,1,'2014-10-09 18:39:27'),(214,5,7,76,214,214,'/public/uservids/2014-10-09-28-ttyezbehdi.mp4','/public/uservidthumbnails/2014-10-09-28-ttyezbehdi.jpg','','','',0,0,1,'2014-10-09 22:36:36'),(215,5,7,76,214,214,'/public/uservids/2014-10-09-38-jdrkjiybso.mp4','/public/uservidthumbnails/2014-10-09-38-jdrkjiybso.jpg','','','',0,0,1,'2014-10-09 22:36:47'),(216,2,4,48,216,216,'/public/uservids/2014-10-09-41-nukkvijmaw.mp4','/public/uservidthumbnails/2014-10-09-41-nukkvijmaw.jpg','','','',0,0,0,'2014-10-09 23:14:10'),(217,2,4,56,217,217,'','','Test as demo','','',0,0,0,'2014-10-10 19:43:49'),(218,2,4,47,218,218,'/public/uservids/2014-10-10-55-jjurknduvt.mp4','/public/uservidthumbnails/2014-10-10-55-jjurknduvt.jpg','testing','','',0,0,0,'2014-10-10 19:59:20'),(231,2,1,47,218,218,'','','Feed Back You Got an \'A\'','','',1,1,0,'2014-10-11 19:59:10'),(233,2,2,56,217,217,'','','','','',1,1,0,'2014-10-11 21:13:45'),(234,2,2,53,234,234,'','','','/public/useruploads/2014-10-11-46-bkdeitgshw.doc','essay2draft.doc',1,0,0,'2014-10-11 21:32:46'),(235,2,2,56,235,235,'','','Some text','','',1,0,0,'2014-10-11 21:33:37'),(236,2,4,53,236,236,'','','','/public/useruploads/2014-10-11-12-hwtlkhasar.jpg','Desert.jpg',0,0,0,'2014-10-11 22:14:12'),(238,2,1,48,216,216,'','','You got a \'C\'','','',1,1,0,'2014-10-11 22:26:42'),(239,2,1,48,207,207,'/public/uservids/2014-10-11-16-ddexrinkre.mp4','/public/uservidthumbnails/2014-10-11-16-ddexrinkre.jpg','You recieved a \'B\'','','',1,1,0,'2014-10-11 22:45:17'),(240,2,4,56,240,240,'','','test text submission for grader','','',0,0,0,'2014-10-11 22:46:37'),(241,2,1,53,236,236,'/public/uservids/2014-10-11-12-ucuwdheiok.mp4','/public/uservidthumbnails/2014-10-11-12-ucuwdheiok.jpg','Great','','',1,1,0,'2014-10-11 23:13:33'),(242,2,1,56,240,240,'/public/uservids/2014-10-11-25-byzohaktmz.mp4','/public/uservidthumbnails/2014-10-11-25-byzohaktmz.jpg','Testing A response','','',1,1,0,'2014-10-11 23:21:02'),(243,2,4,53,243,243,'','','Image Of THe SEa','/public/useruploads/2014-10-11-40-vpcfeoxyyj.jpg','Jellyfish.jpg',0,0,0,'2014-10-11 23:22:40'),(244,2,1,53,243,243,'/public/uservids/2014-10-11-55-lfademgivc.mp4','/public/uservidthumbnails/2014-10-11-55-lfademgivc.jpg','perfect','','',1,1,0,'2014-10-11 23:24:15'),(245,2,4,47,245,245,'/public/uservids/2014-10-12-17-rjgxwyzeyh.mp4','/public/uservidthumbnails/2014-10-12-17-rjgxwyzeyh.jpg','more testing','','',0,0,0,'2014-10-12 00:16:39'),(246,2,1,47,245,245,'','','Good Work','','',1,1,0,'2014-10-13 02:14:17'),(247,2,4,48,247,247,'/public/uservids/2014-10-13-07-ksjuigursa.mp4','/public/uservidthumbnails/2014-10-13-07-ksjuigursa.jpg','','','',0,0,0,'2014-10-13 02:59:17'),(248,2,4,56,248,248,'','','Some text to test.','','',0,0,0,'2014-10-13 02:59:35'),(249,2,4,53,249,249,'','','','/public/useruploads/2014-10-13-56-yfcjkatkbi.doc','essay 2+response.doc',0,0,0,'2014-10-13 02:59:56'),(250,2,2,53,249,249,'','','Some comments','','',1,1,0,'2014-10-13 03:00:38'),(251,2,2,56,248,248,'','','This was good','','',1,1,0,'2014-10-13 03:00:52'),(252,2,2,48,247,247,'','','Awesome','','',1,1,0,'2014-10-13 03:01:03'),(253,3,6,27,253,253,'/public/uservids/2014-10-13-00-dkiyiziast.mp4','/public/uservidthumbnails/2014-10-13-00-dkiyiziast.jpg','','','',0,0,1,'2014-10-13 16:07:28'),(254,3,6,27,253,253,'/public/uservids/2014-10-13-04-ksdvbejpej.mp4','/public/uservidthumbnails/2014-10-13-04-ksdvbejpej.jpg','','','',0,0,1,'2014-10-13 16:08:12'),(255,9,12,94,255,255,'','','How many brothers and sisters do you have?\n\nI have two brothers and a sister.','','',0,0,1,'2014-10-13 23:41:49'),(256,9,12,94,255,255,'','','Great job!  Try adding a few more sentences.','','',0,0,1,'2014-10-13 23:42:11'),(257,9,12,94,255,255,'','','onwnef','','',0,0,1,'2014-10-13 23:42:26'),(258,9,12,96,258,258,'/public/uservids/2014-10-13-46-smsxyjplno.mp4','/public/uservidthumbnails/2014-10-13-46-smsxyjplno.jpg','','','',0,0,1,'2014-10-13 23:43:02'),(259,9,12,96,258,258,'/public/uservids/2014-10-13-04-ddxzxlmxot.mp4','/public/uservidthumbnails/2014-10-13-04-ddxzxlmxot.jpg','','','',0,0,1,'2014-10-13 23:43:09'),(260,2,4,48,260,260,'/public/uservids/2014-10-14-57-fbcdeglhnl.mp4','/public/uservidthumbnails/2014-10-14-57-fbcdeglhnl.jpg','','','',0,0,0,'2014-10-14 02:25:05'),(261,2,4,56,261,261,'','','Some text','','',0,0,0,'2014-10-14 13:24:23'),(262,2,2,56,261,261,'','','That\'s great','','',1,1,0,'2014-10-14 14:17:12'),(263,2,1,128,263,263,'/public/uservids/2014-10-15-39-npujztvfah.mp4','/public/uservidthumbnails/2014-10-15-39-npujztvfah.jpg','great','','',1,1,0,'2014-10-15 18:40:57'),(264,2,1,128,263,263,'/public/uservids/2014-10-15-24-ayvcfinnwt.mp4','/public/uservidthumbnails/2014-10-15-24-ayvcfinnwt.jpg','another post','','',1,1,0,'2014-10-15 18:41:53'),(265,2,4,129,265,265,'/public/uservids/2014-10-16-15-jrxbfdgbiw.mp4','/public/uservidthumbnails/2014-10-16-15-jrxbfdgbiw.jpg','','','',0,1,0,'2014-10-16 17:09:38'),(266,2,4,129,266,266,'/public/uservids/2014-10-16-46-mmfcsfvodo.mp4','/public/uservidthumbnails/2014-10-16-46-mmfcsfvodo.jpg','some text','','',0,1,0,'2014-10-16 17:10:04'),(267,2,2,129,266,266,'','',',jb,jn,jn','','',1,1,0,'2014-10-16 17:11:26'),(268,2,1,129,265,265,'','','','','',1,1,0,'2014-10-17 22:17:54'),(269,2,1,48,260,260,'','','great job student! i welcome your continued success','','',1,1,0,'2014-10-17 22:18:47'),(270,2,4,56,270,270,'','','Testing Teacher Post','','',0,0,0,'2014-10-20 01:20:50'),(271,2,1,56,270,270,'','','Awesome','','',1,1,0,'2014-10-20 01:21:23'),(272,2,4,48,272,272,'/public/uservids/2014-10-20-01-tkiikyzrsx.mp4','/public/uservidthumbnails/2014-10-20-01-tkiikyzrsx.jpg','','','',0,0,1,'2014-10-20 14:19:18'),(273,2,4,48,272,272,'/public/uservids/2014-10-20-28-vmnmlonntj.mp4','/public/uservidthumbnails/2014-10-20-28-vmnmlonntj.jpg','','','',0,0,1,'2014-10-20 14:19:37'),(274,2,1,48,272,273,'/public/uservids/2014-10-21-13-xfxaksetcf.mp4','/public/uservidthumbnails/2014-10-21-13-xfxaksetcf.jpg','hello','','',1,0,1,'2014-10-21 01:11:26'),(275,2,4,128,275,275,'/public/uservids/2014-10-21-34-xhkecpauaa.mp4','/public/uservidthumbnails/2014-10-21-34-xhkecpauaa.jpg','testing grader','','',0,1,0,'2014-10-21 01:15:48'),(276,6,9,84,276,276,'','','How many cousins do they have ?','','',0,0,0,'2014-10-21 09:49:58'),(277,6,9,84,277,277,'','','How many children does he have?','','',0,0,0,'2014-10-21 09:50:37'),(278,2,4,48,278,278,'/public/uservids/2014-10-21-27-ampwxmtxfe.mp4','/public/uservidthumbnails/2014-10-21-27-ampwxmtxfe.jpg','Testing A few things','','',0,0,0,'2014-10-21 21:46:43'),(279,2,1,48,278,278,'','','Great','','',1,1,0,'2014-10-21 21:47:37'),(280,3,6,26,280,280,'','','Iggnnb','','',0,0,1,'2014-10-21 23:49:23'),(281,3,6,27,281,281,'/public/uservids/2014-10-21-48-aubckcbemc.mp4','/public/uservidthumbnails/2014-10-21-48-aubckcbemc.jpg','','','',0,0,1,'2014-10-21 23:50:49'),(282,2,2,48,282,282,'/public/uservids/2014-10-24-42-fwmhsxmhjs.mp4','/public/uservidthumbnails/2014-10-24-42-fwmhsxmhjs.jpg','vhbcbnn','','',1,0,0,'2014-10-24 01:44:00'),(283,2,2,48,282,282,'/public/uservids/2014-10-24-06-yccbhhmatg.mp4','/public/uservidthumbnails/2014-10-24-06-yccbhhmatg.jpg','','','',1,0,0,'2014-10-24 01:44:25'),(284,2,2,48,282,283,'/public/uservids/2014-10-24-29-yfkkgcigtk.mp4','/public/uservidthumbnails/2014-10-24-29-yfkkgcigtk.jpg','','','',1,0,0,'2014-10-24 01:44:35'),(285,2,4,48,285,285,'/public/uservids/2014-10-24-00-lsnsecykyu.mp4','/public/uservidthumbnails/2014-10-24-00-lsnsecykyu.jpg','','','',0,0,0,'2014-10-24 01:51:08'),(286,2,4,48,286,286,'/public/uservids/2014-10-24-10-ngxputfiel.mp4','/public/uservidthumbnails/2014-10-24-10-ngxputfiel.jpg','','','',0,0,0,'2014-10-24 01:51:18'),(287,2,4,44,287,287,'/public/uservids/2014-10-24-23-vbdatsudxd.mp4','/public/uservidthumbnails/2014-10-24-23-vbdatsudxd.jpg','','','',0,0,0,'2014-10-24 01:51:29'),(288,2,4,60,288,288,'/public/uservids/2014-10-24-33-xgxyvyngkc.mp4','/public/uservidthumbnails/2014-10-24-33-xgxyvyngkc.jpg','','','',0,1,0,'2014-10-24 01:51:40'),(289,2,2,60,288,288,'','','these are some comments','','',1,1,0,'2014-10-24 01:52:57'),(290,14,19,160,290,290,'/public/uservids/2014-10-24-46-lfpufrikkr.mp4','/public/uservidthumbnails/2014-10-24-46-lfpufrikkr.jpg','Hi','','',1,0,0,'2014-10-24 09:02:59'),(291,14,20,160,290,290,'/public/uservids/2014-10-24-00-vpofvfavnl.mp4','/public/uservidthumbnails/2014-10-24-00-vpofvfavnl.jpg','How are you?','','',0,0,0,'2014-10-24 09:05:18'),(292,15,27,203,292,292,'/public/uservids/2014-10-31-27-wxjrzryivn.mp4','/public/uservidthumbnails/2014-10-31-27-wxjrzryivn.jpg','Interviewee 1 Test','','',0,1,0,'2014-10-31 21:17:44'),(293,15,28,203,293,293,'/public/uservids/2014-10-31-30-lxljuuatff.mp4','/public/uservidthumbnails/2014-10-31-30-lxljuuatff.jpg','Interviewee 2 Test','','',0,1,0,'2014-10-31 21:18:50'),(294,2,1,51,294,294,'/public/uservids/2014-11-05-42-nkjrxfonks.mp4','/public/uservidthumbnails/2014-11-05-42-nkjrxfonks.jpg','test','','',1,0,0,'2014-11-05 22:17:50'),(295,2,1,48,286,286,'/public/uservids/2014-11-07-10-gmimpgsikl.mp4','/public/uservidthumbnails/2014-11-07-10-gmimpgsikl.jpg','test again','','',1,0,1,'2014-11-07 21:59:22'),(296,2,2,48,296,296,'/public/uservids/2014-11-21-29-hclfajtvfc.mp4','/public/uservidthumbnails/2014-11-21-29-hclfajtvfc.jpg','','','',1,0,0,'2014-11-21 00:03:36');
/*!40000 ALTER TABLE `posts` ENABLE KEYS */;
UNLOCK TABLES;

--
-- Table structure for table `questions`
--

DROP TABLE IF EXISTS `questions`;
/*!40101 SET @saved_cs_client     = @@character_set_client */;
/*!40101 SET character_set_client = utf8 */;
CREATE TABLE `questions` (
  `id` int(11) unsigned NOT NULL,
  `title` varchar(127) NOT NULL DEFAULT '',
  `prompt` text NOT NULL,
  `type` enum('open','single','multiple') NOT NULL DEFAULT 'open',
  `options` varchar(1023) NOT NULL DEFAULT '',
  `solution` varchar(255) NOT NULL DEFAULT '',
  `feedback` varchar(255) NOT NULL DEFAULT '',
  `modified` timestamp NOT NULL DEFAULT CURRENT_TIMESTAMP ON UPDATE CURRENT_TIMESTAMP,
  `modified_by` int(11) unsigned NOT NULL DEFAULT '0'
) ENGINE=InnoDB DEFAULT CHARSET=utf8;
/*!40101 SET character_set_client = @saved_cs_client */;

--
-- Dumping data for table `questions`
--

LOCK TABLES `questions` WRITE;
/*!40000 ALTER TABLE `questions` DISABLE KEYS */;
INSERT INTO `questions` VALUES (1,'Name','What is your name?','single','[\"Sir Robin of Camelot\",\"Sir Galahad of Camelot\",\"Arthur, King of the Britons\",\"Sir Lancelot of Camelot\"]','2','https://www.youtube.com/watch?v=y2R3FvS4xr4','2014-11-17 11:07:08',0),(2,'Quest','What is your quest?','single','[\"Ni!\",\"To seek the Holy Grail\",\"To explore strange new worlds, to seek out new life and new civilizations, to boldly go where no man has gone before.\"]','1','https://www.youtube.com/watch?v=y2R3FvS4xr4','2014-11-17 11:10:32',0),(3,'Velocity','What is the airspeed velocity of an unladen swallow?','single','[\"African\",\"European\"]','0','https://www.youtube.com/watch?v=y2R3FvS4xr4','2014-11-17 11:07:24',0),(4,'Weight of Brown Bear','What is the weight of a large Brown Bear?','single','[\"450 lbs\",\"600 lbs\",\"900 lbs\",\"1500 lbs\",\"2000 lbs\"]','3','','2014-11-17 11:12:19',0),(5,'Weight of Polar Bear','What is the weight of a large Polar Bear?','single','[\"480 lbs\",\"680 lbs\",\"880 lbs\",\"1280 lbs\"]','1','','2014-11-17 11:11:24',0),(6,'Weight of Black Bear','What is the weight of a large North American Black Bear?','single','[\"325 lbs\",\"450 lbs\",\"600 lbs\",\"900 lbs\",\"1500 lbs\"]','2','','2014-11-17 11:11:52',0),(7,'Example Question','Example','single','[\"1\",\"2\",\"3\",\"4\"]','2','','2014-11-20 23:50:48',16),(8,'mike','what is the name of my dog','single','[\"fluffy\",\"sumo\",\"rover\",\"spot\"]','1','','2014-11-22 16:29:08',2),(9,'biology question 1','what is a molecule','single','[\"ascascaacsacc\",\"zxcxcc\",\"ewqwrweq\",\"QDAAD\"]','2','You should have said xxxxxxx','2014-11-22 16:35:53',2),(10,'question 1','what is my name','single','[\"joih\",\"mike\",\"bill\",\"fred\"]','2','','2014-11-22 16:37:04',2),(11,'What is your name','Name please','single','[\"Scott\",\"Mike\",\"Bob\",\"Rilley\"]','0','Great','2014-11-24 22:36:01',1);
/*!40000 ALTER TABLE `questions` ENABLE KEYS */;
UNLOCK TABLES;

--
-- Table structure for table `quiz_questions`
--

DROP TABLE IF EXISTS `quiz_questions`;
/*!40101 SET @saved_cs_client     = @@character_set_client */;
/*!40101 SET character_set_client = utf8 */;
CREATE TABLE `quiz_questions` (
  `id` int(11) NOT NULL,
  `quiz_id` int(11) NOT NULL,
  `question_id` int(11) unsigned NOT NULL DEFAULT '0',
  `position` smallint(6) NOT NULL DEFAULT '0'
) ENGINE=InnoDB DEFAULT CHARSET=utf8;
/*!40101 SET character_set_client = @saved_cs_client */;

--
-- Dumping data for table `quiz_questions`
--

LOCK TABLES `quiz_questions` WRITE;
/*!40000 ALTER TABLE `quiz_questions` DISABLE KEYS */;
INSERT INTO `quiz_questions` VALUES (1,1,1,0),(2,1,2,1),(3,1,3,2),(4,4,10,0),(5,4,11,0);
/*!40000 ALTER TABLE `quiz_questions` ENABLE KEYS */;
UNLOCK TABLES;

--
-- Table structure for table `quizzes`
--

DROP TABLE IF EXISTS `quizzes`;
/*!40101 SET @saved_cs_client     = @@character_set_client */;
/*!40101 SET character_set_client = utf8 */;
CREATE TABLE `quizzes` (
  `id` int(11) NOT NULL,
  `title` varchar(128) NOT NULL,
  `course_id` int(11) unsigned NOT NULL DEFAULT '0',
  `created_by` int(11) unsigned NOT NULL DEFAULT '0',
  `modified` timestamp NOT NULL DEFAULT CURRENT_TIMESTAMP ON UPDATE CURRENT_TIMESTAMP
) ENGINE=InnoDB DEFAULT CHARSET=utf8;
/*!40101 SET character_set_client = @saved_cs_client */;

--
-- Dumping data for table `quizzes`
--

LOCK TABLES `quizzes` WRITE;
/*!40000 ALTER TABLE `quizzes` DISABLE KEYS */;
INSERT INTO `quizzes` VALUES (1,'Sample Quiz',4,16,'2014-11-11 18:28:32'),(2,'Section 1',4,16,'2014-11-13 11:51:19'),(3,'Section 2',4,16,'2014-11-13 12:14:35'),(4,'testmike',6,2,'2014-11-13 19:31:48'),(5,'Chapter 1',4,16,'2014-11-17 18:00:19');
/*!40000 ALTER TABLE `quizzes` ENABLE KEYS */;
UNLOCK TABLES;

--
-- Table structure for table `units`
--

DROP TABLE IF EXISTS `units`;
/*!40101 SET @saved_cs_client     = @@character_set_client */;
/*!40101 SET character_set_client = utf8 */;
CREATE TABLE `units` (
  `id` int(10) unsigned NOT NULL,
  `courseid` int(10) unsigned NOT NULL DEFAULT '0',
  `name` int(11) NOT NULL,
  `description` text NOT NULL,
  `position` mediumint(8) unsigned NOT NULL DEFAULT '0',
  `is_active` tinyint(1) NOT NULL DEFAULT '1',
  `created` timestamp NOT NULL DEFAULT CURRENT_TIMESTAMP
) ENGINE=InnoDB DEFAULT CHARSET=utf8;
/*!40101 SET character_set_client = @saved_cs_client */;

--
-- Dumping data for table `units`
--

LOCK TABLES `units` WRITE;
/*!40000 ALTER TABLE `units` DISABLE KEYS */;
INSERT INTO `units` VALUES (1,1,1,'Unit 1',0,1,'2014-08-30 17:50:59'),(2,2,1,'Unit 1!',1,1,'2014-09-15 10:20:49'),(3,2,2,'Unit 2',0,1,'2014-09-15 10:49:18'),(7,2,3,'Unit 3',0,1,'2014-09-15 13:53:34'),(9,3,1,'Intro To English For Spanish Speakers',0,1,'2014-09-27 17:49:01'),(16,2,4,'unit 4',0,1,'2014-09-30 18:32:32'),(17,2,5,'Unit 5',0,1,'2014-09-30 23:24:53'),(18,4,1,'Unit 1',0,1,'2014-10-01 21:27:25'),(19,4,2,'Unit 2',0,1,'2014-10-01 21:30:24'),(20,4,3,'Unit 3',0,1,'2014-10-04 17:24:17'),(21,5,1,'Business Terms',0,1,'2014-10-06 22:12:39'),(22,6,1,'Tell about your family',0,1,'2014-10-07 08:59:35'),(23,7,1,'Unit 1',0,1,'2014-10-09 20:27:10'),(24,8,1,'Unit 1',0,1,'2014-10-09 20:30:28'),(25,9,1,'Unit 1',0,1,'2014-10-09 20:34:22'),(26,10,1,'Unit 1',0,1,'2014-10-09 20:37:18'),(27,11,1,'Unit 1',0,1,'2014-10-09 20:39:09'),(28,4,4,'Unit 4',0,1,'2014-10-15 18:38:56'),(29,13,1,'Spell your name / Learn how to spell',0,1,'2014-10-22 15:55:33'),(30,14,1,'Unit 1',0,1,'2014-10-22 15:56:01'),(31,13,2,'Learn and use numbers',1,1,'2014-10-22 23:25:37'),(32,13,3,'Talk about dates and tell time',2,1,'2014-10-22 23:41:14'),(33,13,4,'Give commands and talk about ability',3,1,'2014-10-22 23:41:51'),(34,13,5,'Greet someone new',4,1,'2014-10-22 23:42:09'),(35,13,6,'Introductions',5,1,'2014-10-22 23:42:42'),(36,13,7,'Having a conversation',6,1,'2014-10-22 23:45:17'),(37,13,8,'Tell about your family',7,1,'2014-10-22 23:45:33'),(41,12,1,'Unit 1',0,1,'2014-10-24 09:02:12'),(42,19,1,'Unit 1',0,1,'2014-10-31 21:15:39');
/*!40000 ALTER TABLE `units` ENABLE KEYS */;
UNLOCK TABLES;

--
-- Table structure for table `user_admin_organizations`
--

DROP TABLE IF EXISTS `user_admin_organizations`;
/*!40101 SET @saved_cs_client     = @@character_set_client */;
/*!40101 SET character_set_client = utf8 */;
CREATE TABLE `user_admin_organizations` (
  `id` int(10) unsigned NOT NULL,
  `userid` int(10) unsigned NOT NULL,
  `organizationid` int(10) unsigned NOT NULL,
  `can_add_admin_users` tinyint(1) NOT NULL DEFAULT '0',
  `can_add_users` tinyint(1) NOT NULL DEFAULT '0',
  `can_edit_courses` tinyint(1) NOT NULL DEFAULT '0',
  `created` timestamp NOT NULL DEFAULT CURRENT_TIMESTAMP
) ENGINE=InnoDB DEFAULT CHARSET=utf8;
/*!40101 SET character_set_client = @saved_cs_client */;

--
-- Dumping data for table `user_admin_organizations`
--

LOCK TABLES `user_admin_organizations` WRITE;
/*!40000 ALTER TABLE `user_admin_organizations` DISABLE KEYS */;
/*!40000 ALTER TABLE `user_admin_organizations` ENABLE KEYS */;
UNLOCK TABLES;

--
-- Table structure for table `user_admin_super`
--

DROP TABLE IF EXISTS `user_admin_super`;
/*!40101 SET @saved_cs_client     = @@character_set_client */;
/*!40101 SET character_set_client = utf8 */;
CREATE TABLE `user_admin_super` (
  `id` int(10) unsigned NOT NULL,
  `user_id` int(10) unsigned NOT NULL,
  `can_create_super_users` tinyint(4) NOT NULL DEFAULT '0',
  `created` timestamp NOT NULL DEFAULT CURRENT_TIMESTAMP
) ENGINE=InnoDB DEFAULT CHARSET=utf8;
/*!40101 SET character_set_client = @saved_cs_client */;

--
-- Dumping data for table `user_admin_super`
--

LOCK TABLES `user_admin_super` WRITE;
/*!40000 ALTER TABLE `user_admin_super` DISABLE KEYS */;
INSERT INTO `user_admin_super` VALUES (1,1,1,'2014-10-21 17:07:52'),(2,2,1,'2014-10-21 21:49:39'),(3,8,0,'2014-10-22 15:56:33'),(4,16,1,'2014-10-22 22:14:56'),(5,39,1,'2014-11-12 02:43:42');
/*!40000 ALTER TABLE `user_admin_super` ENABLE KEYS */;
UNLOCK TABLES;

--
-- Table structure for table `user_assignments`
--

DROP TABLE IF EXISTS `user_assignments`;
/*!40101 SET @saved_cs_client     = @@character_set_client */;
/*!40101 SET character_set_client = utf8 */;
CREATE TABLE `user_assignments` (
  `id` int(11) NOT NULL,
  `userid` int(11) NOT NULL,
  `class_assignment_id` int(11) NOT NULL,
  `due` datetime NOT NULL,
  `points` int(11) DEFAULT NULL,
  `submitted` datetime DEFAULT NULL COMMENT 'The date the student submitted their assignment'
) ENGINE=InnoDB DEFAULT CHARSET=utf8;
/*!40101 SET character_set_client = @saved_cs_client */;

--
-- Dumping data for table `user_assignments`
--

LOCK TABLES `user_assignments` WRITE;
/*!40000 ALTER TABLE `user_assignments` DISABLE KEYS */;
INSERT INTO `user_assignments` VALUES (1,4,1,'2014-12-06 13:05:17',84,'2014-12-04 13:05:20'),(1,4,2,'2014-12-06 13:05:17',NULL,'2014-12-04 13:05:20');
/*!40000 ALTER TABLE `user_assignments` ENABLE KEYS */;
UNLOCK TABLES;

--
-- Table structure for table `user_classes`
--

DROP TABLE IF EXISTS `user_classes`;
/*!40101 SET @saved_cs_client     = @@character_set_client */;
/*!40101 SET character_set_client = utf8 */;
CREATE TABLE `user_classes` (
  `id` int(10) unsigned NOT NULL,
  `userid` int(10) unsigned NOT NULL,
  `classid` int(10) unsigned NOT NULL,
  `is_student` tinyint(1) NOT NULL DEFAULT '0',
  `is_teacher` tinyint(1) NOT NULL DEFAULT '0',
  `is_edit_teacher` tinyint(1) NOT NULL DEFAULT '0',
  `is_observer` tinyint(1) NOT NULL DEFAULT '0',
  `created` timestamp NOT NULL DEFAULT CURRENT_TIMESTAMP
) ENGINE=InnoDB DEFAULT CHARSET=utf8;
/*!40101 SET character_set_client = @saved_cs_client */;

--
-- Dumping data for table `user_classes`
--

LOCK TABLES `user_classes` WRITE;
/*!40000 ALTER TABLE `user_classes` DISABLE KEYS */;
INSERT INTO `user_classes` VALUES (3,3,2,1,0,0,0,'2014-08-30 18:10:05'),(4,4,2,1,0,0,0,'2014-09-09 23:25:26'),(5,5,1,1,0,0,0,'2014-09-16 19:25:24'),(6,1,2,0,1,0,0,'2014-09-22 20:46:57'),(7,2,2,0,1,0,0,'2014-09-22 21:57:15'),(8,6,3,1,0,0,0,'2014-09-27 17:44:09'),(9,7,5,1,0,0,0,'2014-10-06 18:02:18'),(10,8,5,0,1,0,0,'2014-10-06 18:08:57'),(11,8,6,0,1,1,0,'2014-10-06 18:08:57'),(12,2,6,0,1,1,0,'2014-10-06 18:08:57'),(13,9,6,1,0,0,0,'2014-10-07 20:24:12'),(14,8,7,0,1,0,0,'2014-10-09 20:26:54'),(15,8,8,0,1,0,0,'2014-10-09 20:30:12'),(16,8,9,0,1,0,0,'2014-10-09 20:34:05'),(17,8,10,0,1,0,0,'2014-10-09 20:37:04'),(18,8,11,0,1,0,0,'2014-10-09 20:38:51'),(19,10,7,1,0,0,0,'2014-10-09 20:44:07'),(20,11,8,1,0,0,0,'2014-10-09 20:52:16'),(21,12,9,1,0,0,0,'2014-10-09 20:55:16'),(22,13,10,1,0,0,0,'2014-10-09 21:14:27'),(23,14,11,1,0,0,0,'2014-10-09 21:14:27'),(24,8,1,0,1,0,0,'2014-10-09 21:32:54'),(25,8,3,0,1,0,0,'2014-10-09 21:32:54'),(26,15,2,0,1,0,0,'2014-10-14 16:58:25'),(27,1,6,0,1,0,0,'2014-10-15 18:51:02'),(28,16,2,0,1,0,0,'2014-10-17 23:00:25'),(29,8,12,0,1,0,0,'2014-10-22 15:52:16'),(30,8,13,0,1,0,0,'2014-10-22 15:52:16'),(31,17,12,1,0,0,0,'2014-10-22 16:36:53'),(32,17,13,1,0,0,0,'2014-10-22 16:36:53'),(33,19,14,0,1,0,0,'2014-10-24 08:54:48'),(34,20,14,1,0,0,0,'2014-10-24 09:03:53'),(35,21,2,0,1,0,0,'2014-10-24 09:15:00'),(36,21,6,1,0,0,0,'2014-10-24 09:15:31'),(38,26,15,1,0,0,0,'2014-10-31 21:11:38'),(39,1,15,0,1,0,0,'2014-10-31 21:15:18'),(40,27,15,1,0,0,0,'2014-10-31 21:16:54'),(41,28,15,1,0,0,0,'2014-10-31 21:18:26'),(42,29,15,1,0,0,0,'2014-10-31 21:24:09'),(43,31,15,1,0,0,0,'2014-11-01 02:11:44'),(44,32,15,1,0,0,0,'2014-11-01 02:15:16'),(45,33,15,1,0,0,0,'2014-11-03 10:07:08'),(46,2,15,0,1,0,0,'2014-11-03 16:37:48'),(47,34,15,1,0,0,0,'2014-11-11 19:13:16'),(48,35,15,1,0,0,0,'2014-11-11 19:19:37'),(49,36,15,1,0,0,0,'2014-11-11 21:12:12'),(50,37,15,1,0,0,0,'2014-11-11 21:54:51'),(51,38,15,1,0,0,0,'2014-11-11 22:10:58'),(52,39,2,0,1,0,0,'2014-11-12 02:44:26'),(53,2,12,0,1,0,0,'2014-11-17 15:14:29'),(54,16,6,0,1,0,0,'2014-11-18 00:33:26'),(55,4,3,1,0,0,0,'2014-11-21 03:48:03'),(56,40,2,0,1,0,0,'2014-11-22 17:17:57'),(57,2,3,0,1,0,0,'2014-11-24 16:56:50');
/*!40000 ALTER TABLE `user_classes` ENABLE KEYS */;
UNLOCK TABLES;

--
-- Table structure for table `user_guardians`
--

DROP TABLE IF EXISTS `user_guardians`;
/*!40101 SET @saved_cs_client     = @@character_set_client */;
/*!40101 SET character_set_client = utf8 */;
CREATE TABLE `user_guardians` (
  `id` int(10) unsigned NOT NULL,
  `userid` int(10) unsigned NOT NULL,
  `userchildid` int(10) unsigned NOT NULL,
  `created` timestamp NOT NULL DEFAULT CURRENT_TIMESTAMP
) ENGINE=InnoDB DEFAULT CHARSET=utf8;
/*!40101 SET character_set_client = @saved_cs_client */;

--
-- Dumping data for table `user_guardians`
--

LOCK TABLES `user_guardians` WRITE;
/*!40000 ALTER TABLE `user_guardians` DISABLE KEYS */;
/*!40000 ALTER TABLE `user_guardians` ENABLE KEYS */;
UNLOCK TABLES;

--
-- Table structure for table `user_preferences`
--

DROP TABLE IF EXISTS `user_preferences`;
/*!40101 SET @saved_cs_client     = @@character_set_client */;
/*!40101 SET character_set_client = utf8 */;
CREATE TABLE `user_preferences` (
  `id` int(10) unsigned NOT NULL,
  `user_id` int(10) unsigned NOT NULL,
  `preference` enum('language','time_zone') NOT NULL,
  `value` varchar(25) NOT NULL
) ENGINE=InnoDB DEFAULT CHARSET=utf8;
/*!40101 SET character_set_client = @saved_cs_client */;

--
-- Dumping data for table `user_preferences`
--

LOCK TABLES `user_preferences` WRITE;
/*!40000 ALTER TABLE `user_preferences` DISABLE KEYS */;
INSERT INTO `user_preferences` VALUES (1,1,'language','en'),(2,2,'language','en'),(3,3,'language','en'),(4,4,'language','en'),(5,5,'language','th'),(6,6,'language','es'),(7,7,'language','es'),(8,8,'language','en'),(9,9,'language','ar'),(10,10,'language','en'),(11,11,'language','pt'),(12,12,'language','ko'),(13,13,'language','zh'),(14,14,'language','en'),(15,15,'language','en'),(16,16,'language','en'),(17,17,'language','th'),(18,19,'language','en'),(19,20,'language','en'),(20,21,'language','en'),(21,22,'language','en'),(22,23,'language','en'),(23,24,'language','en'),(24,25,'language','en'),(25,26,'language','en'),(26,27,'language','en'),(27,28,'language','en'),(28,29,'language','en'),(29,31,'language','en'),(30,32,'language','en'),(31,33,'language','en'),(32,34,'language','en'),(33,35,'language','en'),(34,36,'language','en'),(35,37,'language','en'),(36,38,'language','en'),(37,39,'language','en'),(38,40,'language','en');
/*!40000 ALTER TABLE `user_preferences` ENABLE KEYS */;
UNLOCK TABLES;

--
-- Table structure for table `users`
--

DROP TABLE IF EXISTS `users`;
/*!40101 SET @saved_cs_client     = @@character_set_client */;
/*!40101 SET character_set_client = utf8 */;
CREATE TABLE `users` (
  `id` int(10) unsigned NOT NULL,
  `organizationid` int(10) unsigned NOT NULL,
  `fname` varchar(20) NOT NULL,
  `lname` varchar(25) NOT NULL,
  `email` varchar(150) NOT NULL,
  `phone` varchar(20) NOT NULL,
  `password` varchar(32) NOT NULL,
  `salt_for_password` varchar(44) NOT NULL,
  `is_logged_in` smallint(6) NOT NULL DEFAULT '0',
  `is_active` tinyint(1) NOT NULL DEFAULT '1',
  `created` timestamp NOT NULL DEFAULT CURRENT_TIMESTAMP
) ENGINE=InnoDB DEFAULT CHARSET=utf8;
/*!40101 SET character_set_client = @saved_cs_client */;

--
-- Dumping data for table `users`
--

LOCK TABLES `users` WRITE;
/*!40000 ALTER TABLE `users` DISABLE KEYS */;
INSERT INTO `users` VALUES (1,1,'Scott','Keding','scottmkeding@gmail.com','','ff4b71e1b6e1031d82357983aebe0a41','o312344kl3k4j3k4j5klioadisfjk323lkoidfiaosdf',0,1,'2014-08-23 17:12:02'),(2,1,'Mike','Griffiths','mikegriffiths11@hotmail.com','','c1a4bf107269c06dbdb96dd8ab7b48f3','43lk5jl4kj43lk5j90d9figz$#349857%$#jalfkjlda',0,1,'2014-08-26 06:40:48'),(3,1,'Chris','Slade','crslade@gmail.com','','600912a693186cf0b4ef1358d6e9dbb9','4kj;53lksfdgk5l6m54k609453059sdklj45jsf90trk',0,1,'2014-08-28 01:56:17'),(4,1,'demo','user','demo@meglms.com','','ed81e9396e40ef4d14885fb7a6bb6e4f','4lk3j543kjl09fug0f9dsuk345l34j9dsu0g9uf09d3j',1,1,'2014-09-09 23:21:48'),(5,1,'Thai','User','thaidemo@meglms.com','','50f754baabd0089bd81289fed1b034aa','49834jksd9f*U4j54kj()j4kl5jfj;lKJLKJ$#E90df9',0,1,'2014-09-16 19:20:15'),(6,1,'Spanish','User','spanishdemo@meglms.com','','3063783d4f118cb00e8b8616d26aa446','4235jlas$9dfKJ#KJLKE0d9sfKJLK#LKJD(@FUD(Fk34',0,1,'2014-09-27 17:29:05'),(7,1,'HR','Demo','hrdemo@meglms.com','','4dbd076ae4ae959f09ada45624f4f364','3afs()3k23klJDKFD@@$#0)(#KJ09dafkj34093KDFJL',0,1,'2014-10-06 17:56:55'),(8,1,'Moises','Lizarraga','moises.lizarraga@english3.com','','fc070586fbeb704f227b1b3455c818e9','922&^NEKldfialkj3lkdsajfojk4nbjfgbjksdbxhiie',1,1,'2014-10-06 18:04:15'),(9,1,'Arabic','Demo','arabicdemo@meglms.com','','0f2761d05d4d30c4a353a90e4cb90614','Uapdi32k3rkdjZVZafl@)3(@$#%kjafdlkj3akjefkdj',0,1,'2014-10-07 20:21:39'),(10,1,'French','Demo','frenchdemo@meglms.com','','ac3cb957f829dd430dd5ba2739feee91','B23KDLelka#(K#@kjkdfskwoiek33lkj093lkjadksfm',0,1,'2014-10-09 20:43:37'),(11,1,'Portuguese','Demo','portuguesedemo@meglms.com','','278b5dc4c87d48464552652630f32b12','U8312N($(#@#asldkfjio3a$TitrZdfjlksdafoeials',0,1,'2014-10-09 20:48:31'),(12,1,'Korean','Demo','koreandemo@meglms.com','','51c8feaa3e73d9ee95f3a905627201fa','2839sfDKJF#(*DK(#kjx,mcvn49z,xmB8935$&*@djfs',0,1,'2014-10-09 20:54:17'),(13,1,'Mandarin','Demo','mandarindemo@meglms.com','','a75ffb2b71541c5fb202ebf3f2b8c747','3858!%dskafoiurptnnxcmvnZDBBDJKEJjhaiehfjfka',0,1,'2014-10-09 21:12:00'),(14,1,'Japanese','Demo','japanesedemo@meglms.com','','f052f2c903cf7a11d206ed19fbc07ff6','483HNB(*$#%(*KHHDJKSNFbZXCBEEKJR98345723485',0,1,'2014-10-09 21:12:47'),(15,1,'Matthew','Heiner','matthew.heiner@english3.com','','53e9b3d89b722830a32f9fc523b24685','Bu938457##$%ho4kjrMNUOI$KJ$OKJLKRLK75r677675',1,1,'2014-10-14 16:52:07'),(16,1,'Matt','Chatterton','matt.chatterton@gmail.com','','9dca18955cfdc3d0f367ea3c8525aa31','8EK92^#&$lkasfONNNEOKD)@(#kjsl6dkfj849k3k3TT',1,1,'2014-10-17 22:58:54'),(17,1,'Thai','Core','corethai@meglms.com','','d9c285d565a6c682618e0608e81806cd','9BXUYEoab234#(k3@$4lBDKLlkjapoewrlkjsad435ak',0,1,'2014-10-22 16:09:45'),(19,2,'Scott','Keding','scott.m.keding@gmail.com','','08837046a89ec2f92bd37a000983389c','IPfZlLxwXOHKdPXl$@byE2vDMqd$yzX0cgYf7APs5a5M',0,1,'2014-10-23 21:11:36'),(20,2,'AISU','Demo','aisu.demo@meglms.com','','a0423037fb740c95d25749f7335582ca','T6yuh7wzMuC5WrR96K4ztOelCMPJTYU1sHcvHsSU7VJ7',0,1,'2014-10-23 21:24:52'),(21,1,'Erin','McGuire','mcguire.erin@gmail.com','','3d21200905ebb697a0dbff8b09516234','qMWprLiE50p$kHFcs5pvgbi0ooXeM$jlqrcf7&mjiysm',1,1,'2014-10-24 01:36:25'),(22,2,'Dev','Demo','devdemo@meglms.com','','a47b71baa27b65cdf5197e486a4766d9','fkUQXqHsnaf9rfYkpFRW6E2m5s$tsG7r8cZGRS6h1lVs',0,1,'2014-10-26 22:43:35'),(23,2,'Test','Generate','testgenerate@meglms.com','','947f4582bbd85a88adf7eafc51e3cef2','NUb&Tj6ei0&leg8!ijQ&JUrQNOcFIZ!Cd1axJpIQxXg&',0,1,'2014-10-31 17:24:35'),(24,2,'Scott','Keding','superflymotel8@hotmail.com','','7e4ce21f6c85e15caaadc715d81852f2','QI5gAokI#!9pUamF!c#b*XpNx3ygbZPUKepnowgaR0Hs',0,1,'2014-10-31 17:39:43'),(25,1,'Scott','Keding','scott.m.keding@gmail.com','','2e4a3ef0ddce2572d4b28795f5112528','NZUK5pemv3pimxu2nC#s0jt@@@b#zt6EZgqO@b5se*hD',0,1,'2014-10-31 21:07:21'),(26,1,'Scott','Keding','scottm.keding@gmail.com','','92dc849e2a9bdb8d8c84760e867fac5d','DSKxmdOxt&cXQIr3MeLyuZIOJwviStWsg208FLaAsmHZ',0,1,'2014-10-31 21:11:38'),(27,1,'Interviewee','One','s.cottmkeding@gmail.com','','d87f831eb9f5eb9d1eb0ab534e4cb3df','ui3u6TQc$0Xion1q10rMWNhOMc5Q@xzc3Mt3&tufCTYX',0,1,'2014-10-31 21:16:54'),(28,1,'Interviewee','Two','sc.ottmkeding@gmail.com','','18dea473838783ddcfaee5321503c32c','#cQDDpD!rga$vr0sgC!N!92pZ8BCzEb*ViNJ&O0cgTdX',0,1,'2014-10-31 21:18:26'),(29,1,'Interviewee','Three','sco.ttmkeding@gmail.com','','0266ddf3449e643c0ee8d4a023250250','0UDL0VA!kLIdZO#l20XL@82yvCb#4GispsuIHCQJxc4Y',0,1,'2014-10-31 21:24:09'),(31,1,'mike','griffiths','mgriffiths@lexipol.com','','00e78ae860895336d85efe0e5ca74143','bIGanRXLjmZ&@#cc4J@4dM1NaySJnPkJv8Aw8deM5CEU',0,1,'2014-11-01 02:11:44'),(32,1,'mike','griffiths','mikegriffiths11@gmail.com','','0368d33fddafefc4534bdf046221629b','PMaI1bPXtO5mXZoCEG5R4doYqM3HwcqhCQckh5DgCU7d',0,1,'2014-11-01 02:15:16'),(33,1,'Interviewee','Four','scott.mkeding@gmail.com','','d40fe86cb6d2f6caed3ca9af380f37ea','sFaD1Uj$OVcP5cuO1wm5dh!MJpynJ5xGCWxjZh7QLVYO',0,1,'2014-11-03 10:07:08'),(34,1,'Scott','Keding','sco.t.t.mked.ing@gmail.com','','fcfbf52ca3d34405a7193a3ab1999bca','u4Idx8FB7xakDfhOxQAJZ2&nntXwT74Pviy9S2Nz$7G*',0,1,'2014-11-11 19:13:16'),(35,1,'Scott','Keding','sco.t.t.m.kedin.g@gmail.com','8019001621','aeeb3ade06bad12a3be8f8393f3cf53d','iyPKYCZ@&VkOuQJRWZtHdPuwaD9LdGGPsP@kx7DUaGL$',0,1,'2014-11-11 19:19:37'),(36,1,'Scott','Keding','scott.m.ke.di.n.g@gmail.com','8019001621','a56f4ee8815312a8fb2912586c8fb0ae','PXt#z7jMQqu0Dw*m5&MRBvQqB2Zji*uv7BM1kiVxPIOv',0,1,'2014-11-11 21:12:12'),(37,1,'Scott','Keding','sc.ott.m.k.ed.ing@gmail.com','8019001621','44d2bd98b44e7c615776624d3f41e1e3','sdhd7&Yw1ywS3pqX9Ns#qADZJSZcY76uJOgzTyvmUIoa',0,1,'2014-11-11 21:54:51'),(38,1,'Scott','Keding','s.cottmkedin.g@gmail.com','8019001621','206d2b1b0d9e546ad57b466f810da61b','xntR566z8T*C*49qg@HmB5U!5ojbyUyabBDJV$*hj!xG',0,1,'2014-11-11 22:10:58'),(39,1,'Vance','Cagle','vance@vancerver.com','','09212c3cc72316b8ab8ffc321cd9af7a','sLtOCMmumNdG4ZLZNWtgpWM*@MuqvpyX7sC8zZ0gbSf1',0,1,'2014-11-12 02:42:32'),(40,1,'Deb','Deb','info@aslogtech.com','','3f09e04f589253a4a951ef1b72a40ad2','MA$e5v715N2oLmkqwZtTrAc39O2CPCtQ34J!3hMqn!cL',0,1,'2014-11-22 17:17:32');
/*!40000 ALTER TABLE `users` ENABLE KEYS */;
UNLOCK TABLES;

--
-- Table structure for table `vocabularies`
--

DROP TABLE IF EXISTS `vocabularies`;
/*!40101 SET @saved_cs_client     = @@character_set_client */;
/*!40101 SET character_set_client = utf8 */;
CREATE TABLE `vocabularies` (
  `id` int(10) unsigned NOT NULL,
  `module_id` int(10) unsigned NOT NULL,
  `translation` varchar(255) NOT NULL,
  `phrase` varchar(255) NOT NULL,
  `position` smallint(5) unsigned NOT NULL DEFAULT '0'
) ENGINE=InnoDB DEFAULT CHARSET=utf8;
/*!40101 SET character_set_client = @saved_cs_client */;

--
-- Dumping data for table `vocabularies`
--

LOCK TABLES `vocabularies` WRITE;
/*!40000 ALTER TABLE `vocabularies` DISABLE KEYS */;
INSERT INTO `vocabularies` VALUES (1,1,'พระมหากษัตริย์','king',0),(2,1,'พระราชินี','queen',1),(3,1,'เจ้าชาย','prince',2),(4,1,'เจ้าหญิง','princess',3),(5,2,'พ่อ','father',0),(6,2,'พ่อ','dad',1),(7,2,'แม่','mother',2),(8,2,'แม่','mom',3),(9,2,'พี่ชาย/น้องช','brother',4),(10,3,'พี่/น้องเขย','brother-in-law',0),(11,3,'พี่/น้องสะใภ้','sister-in-law',1),(12,2,'พี่สาวน้องส','sister',5),(13,2,'ลูกสาว','daughter',6),(14,2,'ลูกชาย','son',7),(15,2,'สามี','husband',8),(16,2,'ภรรยา','wife',9),(17,2,'พ่อแม่','parents',10),(18,2,'ครอบครัว','family',11),(19,2,'พ่อเลี้ยง','stepfather',12),(20,2,'แม่เลี้ยง','stepmother',13),(21,2,'พี่สาว/น้องส','stepsister',14),(22,2,'พี่ชาย/น้องช','stepbrother',15),(23,3,'พ่อ ในกฎหมาย','father-in-law',2),(24,3,'แม่ยาย/แม่ย่า','mother-in-law',3),(25,3,'ลุง','uncle',4),(26,3,'ป้า','aunt',5),(27,3,'หลานชาย','nephew',6),(28,3,'หลานสาว','niece',7),(29,3,'ลูกพี่ลูกน้อ','cousin',8),(30,3,'หลาน','grandchild',9),(31,3,'หลาน','grandchildren',10),(32,3,'หลานสาว','granddaughter',11),(33,3,'หลานชาย','grandson',12),(34,3,'ปู่/ตา','grandfather',13),(35,3,'ย่า/ยาย','grandmother',14),(36,3,'ปู่ย่าตายาย','grandparents',15),(37,4,'padre','father',0),(38,5,'rey','king',0),(39,5,'reina','queen',1),(40,5,'príncipe','prince',2),(41,5,'princesa','princess',3),(42,4,'papá','dad',1),(43,4,'madre','mother',2),(44,4,'mamá','mom',3),(45,4,'hermano','brother',4),(46,4,'hermana','sister',5),(47,4,'hija','daughter',6),(48,4,'hijo','son',7),(49,4,'esposo','husband',8),(50,4,'esposa','wife',9),(51,4,'padres','parents',10),(52,4,'familia','family',11),(53,4,'padrastro','stepfather',12),(54,4,'madrastra','stepmother',13),(55,4,'hermanastra','stepsister',14),(56,4,'hermanastro','stepbrother',15),(57,6,'cuñado','brother-in-law',0),(58,6,'cuñada','sister-in-law',1),(59,6,'suegro','father-in-law',2),(60,6,'suegra','mother-in-law',3),(61,6,'tío','uncle',4),(62,6,'tía','aunt',5),(63,6,'sobrino','nephew',6),(64,6,'sobrina','niece',7),(65,6,'primo(a)','cousin',8),(66,6,'nieto','grandchild',9),(67,6,'nietos','grandchildren',10),(68,6,'nieta','granddaughter',11),(69,6,'nieto','grandson',12),(70,6,'abuelo','grandfather',13),(71,6,'abuela','grandmother',14),(72,6,'abuelos','grandparents',15),(73,7,'contrato','contract',0),(74,7,'servicio al cliente','customer service',1),(75,7,'trato','deal',2),(76,7,'reducir de tamaño','downsize',3),(77,7,'expandir','expand',4),(78,7,'mejorar','improve',5),(79,7,'bajar','lower',6),(80,7,'mercado','market',7),(81,7,'organizar','organize',8),(82,7,'calidad','quality',9),(83,7,'aumentar, subir','raise',10),(84,7,'reducir','reduce',11),(85,7,'ingresos','revenue',12),(86,7,'ventas','sales',13),(87,7,'firmar','sign',14),(88,8,'أب','father',0),(89,8,'أب','dad',1),(90,8,'أم','mother',2),(91,8,'أم','mom',3),(92,8,'أخ','brother',4),(93,8,'أخت','sister',5),(94,8,'ابنة','daughter',6),(95,8,'إبن','son',7),(96,8,'زوج','husband',8),(97,8,'زوجة','wife',9),(98,8,'أهل','parents',10),(99,8,'عائلة','family',11),(100,8,'زوج الأم','stepfather',12),(101,8,'زوجة الأب','stepmother',13),(102,8,'نصف أخت','stepsister',14),(103,8,'نصف أخ','stepbrother',15),(104,9,'الملك','king',0),(105,9,'ملكة','queen',1),(106,9,'الأمير','prince',2),(107,9,'أميرة','princess',3),(108,10,'زوج الأخت','brother-in-law',0),(109,10,'زوجة الأخ ','sister-in-law',1),(110,10,'أب الزوج/ة','father-in-law',2),(111,10,'أم الزوج/ة','mother-in-law',3),(112,10,'عم/ خال','uncle',4),(113,10,'عمة/ خالة','aunt',5),(114,10,'ابن الأخت/ الأخ ','nephew',6),(115,10,'ابنة الأخت/ الأخ ','niece',7),(116,10,'ابن/ة العم','cousin',8),(117,10,'الأحفاد','grandchildren',9),(118,10,'الحفيدة','granddaughter',10),(119,10,'الحفيد','grandson',11),(120,10,'الجد','grandfather',12),(121,10,'الجدة','grandmother',13),(122,10,'الأجداد','grandparents',14),(123,11,'아버지','father',0),(124,11,'아빠','dad',1),(125,11,'어머니','mother',2),(126,11,'엄마','mom',3),(127,11,'형제','brother',4),(128,11,'자매','sister',5),(129,11,'딸','daughter',6),(130,11,'아들','son',7),(131,11,'남편','husband',8),(132,11,'아내','wife',9),(133,11,'부모','parents',10),(134,11,'가족','family',11),(135,11,'새아빠','stepfather',12),(136,11,'새엄마','stepmother',13),(137,11,'의붓자매','stepsister',14),(138,11,'의붓형제','stepbrother',15),(139,12,'아주버님','brother-in-law',0),(140,12,'올케 / 처제','sister-in-law',1),(141,12,'시부,장인어른','father-in-law',2),(142,12,'시모,장모','mother-in-law',3),(143,12,'삼촌','uncle',4),(144,12,'숙모','aunt',5),(145,12,'남조차','nephew',6),(146,12,'여조카','niece',7),(147,12,'사촌','cousin',8),(148,12,'손자/손녀','grandchildren',9),(149,12,'증손녀','granddaughter',10),(150,12,'증손자','grandson',11),(151,12,'할아버지','grandfather',12),(152,12,'할머니','grandmother',13),(153,12,'조부모','grandparents',14),(154,13,'父亲','father',0),(155,13,'爸爸','dad',1),(156,13,'母亲','mother',2),(157,13,'妈妈','mom',3),(158,13,'弟兄','brother',4),(159,13,'姊妹','sister',5),(160,13,'女儿','daughter',6),(161,13,'儿子','son',7),(162,13,'丈夫','husband',8),(163,13,'妻子','wife',9),(164,13,'父母','parents',10),(165,13,'家人','family',11),(166,13,'继父','stepfather',12),(167,13,'继母','stepmother',13),(168,13,'继姐妹','stepsister',14),(169,13,'继兄弟','stepbrother',15),(170,14,'姐夫，妹夫','brother-in-law',0),(171,14,'嫂子， 弟妹','sister-in-law',1),(172,14,'公公，岳父','father-in-law',2),(173,14,'婆婆、岳母','mother-in-law',3),(174,14,'叔叔，伯伯，舅舅','uncle',4),(175,14,'姑姑，姨','aunt',5),(176,14,'侄子，外甥','nephew',6),(177,14,'侄女，外甥女','niece',7),(178,14,'堂兄弟姐妹，表兄弟姐妹','cousin',8),(179,14,'外（孙）','grandchild',9),(180,14,'外（孙）（女）们','grandchildren',10),(181,14,'（外）孙女','granddaughter',11),(182,14,'（外）孙子','grandson',12),(183,14,'外公/爷爷','grandfather',13),(184,14,'外婆/奶奶','grandmother',14),(185,14,'（外）祖父母','grandparents',15),(186,15,'pai','father',0),(187,15,'papai','dad',1),(188,15,'mãe','mother',2),(189,15,'mamãe','mom',3),(190,15,'irmão','brother',4),(191,15,'irmã','sister',5),(192,15,'filha','daughter',6),(193,15,'filho','son',7),(194,15,'esposo, marido','husband',8),(195,15,'mulher, esposa','wife',9),(196,15,'pais','parents',10),(197,15,'família','family',11),(198,15,'padrasto','stepfather',12),(199,15,'madrasta','stepmother',13),(200,15,'meia irmã','stepsister',14),(201,15,'meio irmão','stepbrother',15),(202,16,'rei','king',0),(203,16,'rainha','queen',1),(204,16,'príncipe','prince',2),(205,16,'princesa','princess',3),(206,17,'cunhado','brother-in-law',0),(207,17,'cunhada','sister-in-law',1),(208,17,'sogro','father-in-law',2),(209,17,'sogra','mother-in-law',3),(210,17,'tio','uncle',4),(211,17,'tia','aunt',5),(212,17,'sobrinho','nephew',6),(213,17,'sobrinha','niece',7),(214,17,'primo(a)','cousin',8),(215,17,'netos','grandchildren',9),(216,17,'neta','granddaughter',10),(217,17,'neto','grandson',11),(218,17,'avô','grandfather',12),(219,17,'avó','grandmother',13),(220,17,'avós','grandparents',14),(225,19,'A a','A a',0),(226,19,'B b','B b',1),(227,19,'C c','C c',2),(228,19,'D d','D d',3),(229,19,'E e','E e',4),(230,19,'F f','F f',5),(231,19,'G g','G g',6),(232,19,'H h','H h',7),(233,19,'I i','I i',8),(234,19,'J j','J j',9),(235,19,'K k','K k',10),(236,19,'L l','L l',11),(237,20,'M m','M m',0),(238,20,'N n','N n',1),(239,20,'O o','O o',2),(240,20,'P p','P p',3),(241,20,'Q q','Q q',4),(242,20,'R r','R r',5),(243,20,'S s','S s',6),(244,20,'T t','T t',7),(245,20,'U u','U u',8),(246,20,'V v','V v',9),(247,20,'W w','W w',10),(248,20,'X x','X x',11),(249,20,'Y y','Y y',12),(250,20,'Z z','Z z',13),(251,21,'ชื่อ','name',0),(252,21,'ชื่อแรก','first name',1),(253,21,'นามสกุล','last name',2),(254,21,'อะไร','what',3),(255,21,'อย่างไร','how',4),(256,21,'สะกดว่า','to spell',5),(257,22,'ของฉัน/ผม','my',0),(258,22,'ของคุณ','your',1),(259,22,'ของเขา(ผู้ชาย)','his',2),(260,22,'ของเธอ(ผู้หญิง)','her',3),(261,22,'ของมัน','its',4),(262,22,'ของพวกเรา','our',5),(263,22,'ของพวกเขา','their',6),(264,22,'ของฉัน/ผม','mine',7),(265,22,'ของคุณ','yours',8),(266,22,'ของเขา(ผู้ชาย)','his',9),(267,22,'ของเธอ(ผู้หญิง)','hers',10),(268,22,'ของมัน','its',11),(269,22,'ของพวกเรา','ours',12),(270,22,'ของพวกเขา','theirs',13),(271,23,'คุณสะกดชื่อของคุณอย่างไร?','How do you spell your name?',0),(272,23,'คุณสะกด___อย่างไร?','How do you spell ___?',1),(273,23,'___ สะกดแบบนี้ ___.','___ is spelled ___.',2),(274,23,'ชื่อของฉันสะกดว่า ___.','My name is spelled ___.',3),(275,23,'ชื่อของฉัน___.','My name is ___.',4),(276,23,'ชื่อของคุณคืออะไร?','What is your name?',5),(277,24,'หนึ่ง','1 one',0),(278,24,'สอง','2 two',1),(279,24,'สาม','3 three',2),(280,24,'สี่','4 four',3),(281,24,'ห้า','5 five',4),(282,24,'หก','6 six',5),(283,24,'เจ็ด','7 seven',6),(284,24,'แปด','8 eight',7),(285,24,'เก้า','9 nine',8),(286,24,'สิบ','10 ten',9),(287,25,'สิบเอ็ด','11 eleven',0),(288,25,'สิบสอง','12 twelve',1),(289,25,'สิบสาม','13 thirteen',2),(290,25,'สิบสี่','14 fourteen',3),(291,25,'สิบห้า','15 fifteen',4),(292,25,'สิบหก','16 sixteen',5),(293,25,'สิบเจ็ด','17 seventeen',6),(294,25,'สิบแปด','18 eighteen',7),(295,25,'สิบเก้า','19 nineteen',8),(296,25,'ยี่สิบ','20 twenty',9),(297,25,'ยี่สิบเอ็ด','21 twenty-one',10),(298,25,'ยี่สิบสอง','22 twenty-two',11),(299,25,'ยี่สิบสาม','23 twenty-three',12),(300,25,'ยี่สิบสี่','24 twenty-four',13),(301,25,'ยี่สิบห้า','25 twenty-five',14),(302,25,'ยี่สิบหก','26 twenty-six',15),(303,25,'ยี่สิบเจ็ด','27 twenty-seven',16),(304,25,'ยี่สิบแปด','28 twenty-eight',17),(305,25,'ยี่สิบเก้า','29 twenty-nine',18),(306,26,'สามสิบ','30 thirty',0),(307,26,'สี่สิบ','40 forty',1),(308,26,'ห้าสิบ','50 fifty',2),(309,26,'หกสิบ','60 sixty',3),(310,26,'เจ็ดสิบ','70 seventy',4),(311,26,'แปดสิบ','80 eighty',5),(312,26,'เก้าสิบ','90 ninety',6),(313,26,'หนึ่งร้อย','100 one hundred',7),(314,26,'สองร้อย','200 two hundred',8),(315,26,'สามร้อย','300 three hundred',9),(316,26,'สี่ร้อย','400 four hundred',10),(317,26,'ห้าร้อย','500 five hundred',11),(318,26,'หกร้อย','600 six hundred',12),(319,26,'เจ็ดร้อย','700 seven hundred',13),(320,26,'แปดร้อย','800 eight hundred',14),(321,26,'เก้าร้อย','900 nine hundred',15),(322,26,'หนีงพัน','1000 one thousand',16),(323,27,'จุด','dot/period (.)',0),(324,27,'@','at/at sign (@)',1),(325,27,'ยัติภังค์','dash  (-)',2),(326,27,'บวก','plus',3),(327,27,'ลบ','minus',4),(328,28,'เบอร์โทรศัพท์','telephone number',0),(329,28,'ห้อง','room',1),(330,28,'เบอร์, หมายเลขบัตรประจำตัว','ID/number',2),(331,28,'เบอร์, หมายเลข','number',3),(332,29,'โทรศัพท์ของคุณเบอร์อะไร?','What is your telephone number?',0),(333,29,'เบอร์โทรศัพท์ของผมคือ___.','My telephone number is ___.',1),(334,29,'สามบวกสองเท่ากับเท่าไหร่?','What is three plus two?',2),(335,29,'สามบวกสองเท่ากับห้า.','Three plus two is five.',3),(336,29,'เก้าลบสี่เท่ากับเท่าไหร่?','What is nine minus four?',4),(337,29,'เก้าลบสี่เท่ากับห้า.','Nine minus four is five.',5),(338,28,'เท่าไหร่（กี่)','how much',4),(339,30,'มกราคม','January',0),(340,30,'กุมภาพันธ์','February',1),(341,30,'มีนาคม','March',2),(342,30,'เมษายน','April',3),(343,30,'พฤษภาคม','May',4),(344,30,'มิถุนายน','June',5),(345,30,'กรกฎาคม','July',6),(346,30,'สิงหาคม','August',7),(347,30,'กันยายน','September',8),(348,30,'ตุลาคม','October',9),(349,30,'พฤษจิกายน','November',10),(350,30,'ธันวาคม','December',11),(351,31,'วันอาทิตย์','Sunday',0),(352,31,'วันจันทร์','Monday',1),(353,31,'วันอังคาร','Tuesday',2),(354,31,'วันพุธ','Wednesday',3),(355,31,'วันพฤหัสบดี','Thursday',4),(356,31,'วันศุกร์','Friday',5),(357,31,'วันเสาร์','Saturday',6),(358,31,'เมื่อวานนี้','yesterday',7),(359,31,'วันนี้','today',8),(360,31,'พรุ่งนี้','tomorrow',9),(361,32,'ฤดูหนาว','winter',0),(362,32,'ฤดูใบไม้ผลิ','spring',1),(363,32,'ฤดูร้อน','summer',2),(364,32,'ฤดูใบไม้ร่วง','fall/autumn',3),(365,33,'ตอนเช้า','morning',0),(366,33,'ตอนเที่ยง','noon',1),(367,33,'ตอนบ่าย','afternoon',2),(368,33,'ตอนเย็น','evening',3),(369,33,'ตอนกลางคืน','night',4),(370,33,'ตอนเที่ยงคืน','midnight',5),(371,34,'วัน','day',0),(372,34,'ชั่วโมง','hour',1),(373,34,'ครั้งต่อไป','later',2),(374,34,'นาที','minute',3),(375,34,'เดือน','month',4),(376,34,'ตอนนี้','now',5),(377,34,'ลำดับที่สอง','second',6),(378,34,'ปี','year',7),(379,35,'ที่หนึ่ง ','First (1st)',0),(380,35,'ที่สอง ','Second (2nd)',1),(381,35,'ที่สาม ','Third (3rd)',2),(382,35,'ที่สี่ ','Fourth (4th)',3),(383,35,'ที่ห้า ','Fifth (5th)',4),(384,35,'ที่หก ','Sixth (6th)',5),(385,35,'ที่เจ็ด ','Seventh (7th)',6),(386,35,'ที่แปด ','Eighth (8th)',7),(387,35,'ที่เก้า ','Ninth (9th)',8),(388,35,'ที่สิบ ','Tenth (10th)',9),(389,35,'ที่สิบเอ็ด ','Eleventh (11th)',10),(390,35,'ที่สิบสอง ','Twelfth (12th)',11),(391,35,'ที่สิบสาม ','Thirteenth (13th)',12),(392,35,'ที่สิบสี่ ','Fourteenth (14th)',13),(393,35,'ที่สิบห้า ','Fifteenth (15th)',14),(394,35,'ที่สิบหก ','Sixteenth (16th)',15),(395,35,'ที่เจ็ดสิบ ','Seventeenth (17th)',16),(396,35,'ที่สิบแปด ','Eighteenth (18th)',17),(397,35,'ที่สิบเก้า ','Nineteenth (19th)',18),(399,36,'วันนี้เป็นวันอะไร (ไหน)?','What day is today?',0),(400,36,'วันนี้เป็นวันอังคาร.','Today is Tuesday.',1),(401,36,'เมื่อไหร่จะเป็นการแข่งขัน?','When is the game?',2),(402,36,'การแข่งขันอยู่ในช่วงตอนเช้า.','The game is in the morning.',3),(403,36,'เมื่อไหร่เป็นวันเกิดของคุณ?','When is your birthday?',4),(404,36,'วันเกิดของฉันคือเดือนเมษายน.','My birthday is in April.',5),(405,37,'ตอบ','answer',0),(406,37,'เปลี่ยน','change',1),(407,37,'ฟัง','listen',2),(408,37,'ทำ','make',3),(409,37,'อ่าน','read',4),(410,37,'ทำซ้ำ','repeat',5),(411,37,'พูด','speak',6),(412,37,'เรียน, ศึกษา','study',7),(413,37,'ดู, ชม','watch',8),(414,37,'เขียน','write',9),(415,38,'นำมา','bring',0),(416,38,'วงกลม, แวดวง','circle',1),(417,38,'ปิ','close',2),(418,38,'เชื่อมต่อ, ติดต่อ, ต่อ','connect',3),(419,38,'เข้า，เข้าไป','enter',4),(420,38,'ค้นหา','find',5),(421,38,'ได้รับ','get',6),(422,38,'ให้','give',7),(423,38,'ไป','go',8),(424,38,'ยก, ยกมือ','lift',9),(425,38,'ย้าย','move',10),(426,38,'เปิด','open',11),(427,38,'วางลง','put',12),(428,38,'นั่งลง','sit down',13),(429,38,'ลุกขึ้นยืน,  ยืนขึ้น','stand up',14),(430,38,'นำมา','take',15),(431,38,'กลับ','turn',16),(432,38,'หมุนรอบ','turn around',17),(433,39,'เริ่มต้น','begin',0),(434,39,'จบ','end',1),(435,39,'เริ่ม','start',2),(436,39,'หยุด','stop',3),(437,39,'ต่อเนื่อง','continue',4),(438,39,'เสร็จเรียบร้อย','finish',5),(439,40,'จอห์นตอบคำถาม.','John answer the question. ',0),(440,40,'เปิดหนังสือของคุณ.','Open your book. ',1),(441,40,'ช่วยเอาการบ้านของคุณมาให้ฉันหน่อย.','Please give me your homework. ',2),(442,40,'ยกมือของคุณขึ้นมา.','Raise your hand. ',3),(443,40,'หยุดเดี๋ยวนี้.','Stop now. ',4),(444,40,'โธมัสปิดประตู.','Thomas close the door. ',5),(445,41,'ชื่อ ','name',0),(446,41,'ชื่อแรก ','first name',1),(447,41,'นามสกุล ','last name',2),(448,41,'อะไร ','what',3),(449,41,'อย่างไร ','how',4),(450,41,'สบายดี','fine',5),(451,41,'ก็ดี','good',6),(452,41,'โอเค','okay',7),(453,42,'ฉัน','I',0),(454,42,'คุณ','you (singular)',1),(455,42,'พวกคุณ','you (plural)',2),(456,42,'เขา(ผู้ชาย)','he',3),(457,42,'เธอ/เขา(ผู้หญิง)','she',4),(458,42,'มัน','it',5),(459,42,'พวกเขาทั้งหลาย','they',6),(460,42,'พวกเรา','we',7),(461,43,'สวัสดี (เป็นทางการ)','hello',0),(462,43,'สวัสดี','hey',1),(463,43,'สวัสดี','hi',2),(464,44,'คุณชื่ออะไร? (เป็นทางการ)','What is your name?',0),(465,44,'คุณชื่ออะไร? (เป็นทางการ)','What\'s your name?',1),(466,44,'ฉันชื่อ ___.','My name is ___.',2),(467,44,'ฉันชื่อ ___.','I’m ___.',3),(468,44,'เป็นไงบ้าง?','How are you?',4),(469,44,'วันนี้คุณเป็นอย่างไรบ้าง?(เป็นทางการ)','How are you doing today?',5),(470,44,'ช่วงนี้คุณเป็นอย่างไรบ้าง? (เป็นทางการ)','How\'s it going?',6),(471,44,'ฉันสบายดี.','I am fine.',7),(472,44,'ฉันสบายดีขอบคุณ.','I\'m fine thank you.',8),(473,44,'ฉันก็ดี.','I\'m good.',9),(474,44,'กรุณาบอกชื่อของคุณอีกครั้งได้ไหม? (เป็นทางการ)','Could you repeat your name please?',10),(475,44,'คุณบอกว่าชื่อของคุณคืออะไรนะ?','What did you say your name was?',11),(476,44,'คุณชื่ออะไร? (เป็นทางการ)','What was your name?',12),(477,45,'นั่น','that',0),(478,45,'เหล่านั้น / พวกนั้น ','those',1),(479,45,'นี่ ','this',2),(480,45,'เหล่านี้ / พวกนี้','these',3),(481,46,'พี่ชาย / น้องชาย','brother',0),(482,46,'เพื่อนร่วมงาน','coworker',1),(483,46,'พ่อ','dad',2),(484,46,'ลูกสาว','daughter',3),(485,46,'เพื่อน','friend',4),(486,46,'สามี','husband',5),(487,46,'แม่','mom',6),(488,46,'เพื่อนบ้าน','neighbor',7),(489,46,'เพื่อนร่วมห้อง','roommate',8),(490,46,'พี่สาว / น้องสาว','sister',9),(491,46,'ลูกชาย','son',10),(492,46,'ภรรยา','wife',11),(493,47,'ธุรกิจ','business',0),(494,47,'วิทยาการคอมพิวเตอร์','computer science',1),(495,47,'ภาษาอังกฤษ','English',2),(496,47,'ประวัติศาตร์','history',3),(497,47,'กฎหมาย','law',4),(498,47,'การแพทย์','medicine',5),(499,47,'ดนตรี','music',6),(500,47,'รัฐศาสตร์','political science',7),(501,47,'งานสังคมสงเคราะห์','social work',8),(502,47,'การท่องเที่ยว','travel and tourism',9),(503,48,'นักบัญชี','accountant',0),(504,48,'ศิลปิน','artist',1),(505,48,'นายธนาคาร','banker',2),(506,48,'ช่างตัดผม','barber',3),(507,48,'ช่างไม้','carpenter',4),(508,48,'คนงานก่อสร้าง','construction worker',5),(509,48,'แม่ครัว / พ่อครัว','cook',6),(510,48,'ทันตแพทย์','dentist',7),(511,48,'แพทย์','doctor',8),(512,48,'วิศวกร','engineer',9),(513,48,'เกษตรกร','farmer',10),(514,48,'ช่างทำผม','hairdresser',11),(515,48,'นักข่าว','journalist',12),(516,48,'เจ้าของบ้าน','landlord',13),(517,48,'ทนายความ','lawyer',14),(518,48,'บุรุษไปรษณีย์','mailman',15),(519,48,'ผู้จัดการ','manager',16),(520,48,'ช่างซ่อม','mechanic',17),(521,48,'พยาบาล','nurse',18),(522,48,'เจ้าหน้าที่ตำรวจ','police officer',19),(523,48,'นักเขียนโปรแกรม','programmer',20),(524,48,'ช่างเย็บ','seamstress',21),(525,48,'เลขานุการ','secretary',22),(526,48,'นักเรียน','student',23),(527,48,'หัวหน้างาน','supervisor',24),(528,48,'ครู','teacher',25),(529,48,'บริษัท ตัวแทนท่องเที่ยว','travel agent',26),(530,48,'บริกร','waiter',27),(531,48,'พนักงานเสิร์ฟ','waitress',28),(532,48,'นักเขียน','writer',29),(533,49,'ธนาคาร','bank',0),(534,49,'คลินิก','clinic',1),(535,49,'โรงงาน','factory',2),(536,49,'ฟาร์ม/ไร่','farm',3),(537,49,'โรงพยาบาล','hospital',4),(538,49,'โรงแรม','hotel',5),(539,49,'ห้องสมุด','library',6),(540,49,'ออฟฟิศ','office',7),(541,49,'สถานีตำรวจ','police station',8),(542,49,'ที่ทำการไปรษณีย์','post office',9),(543,49,'ร้านอาหาร','restaurant',10),(544,49,'โรงเรียน','school',11),(545,49,'ร้านค้า','store',12),(546,49,'ซูเปอร์มาร์เก็ต','supermarket',13),(547,50,'อรุณสวัสดิ์','Good morning.',0),(548,50,'สวัสดีตอนกลางวัน','Good afternoon.',1),(549,50,'สวัสดีตอนเย็น','Good evening.',2),(550,50,'ราตรีสวัสดิ์','Good night.',3),(551,50,'ผมอยากให้คุณได้พบกับเพื่อนของผม.','I\'d like you to meet my friend.',4),(552,50,'ผมขอแนะนำคุณให้รู้จักพี่ชายของผม.','Let me introduce you to my brother.',5),(553,50,'นี่คือเพื่อนร่วมงานของฉัน','This is my coworker.',6),(554,50,'เขาทำงานอะไร?','What does he do for a living?',7),(555,50,'เขาเป็นช่างซ่อมเครื่องยนต์.','He is a mechanic.',8),(556,50,'พวกเขาเป็นเลขานุการ.','They are secretaries.',9),(557,50,'เธอศึกษากฎหมาย.','She\'s studying law.',10),(558,50,'คุณทำงานที่ไหน?','Where do you work?',11),(559,50,'เขาทำงานที่ร้านอาหาร.','He works at the restaurant.',12),(560,50,'เขาทำงานที่ออฟฟิส.','He works in an office.',13),(561,51,'จัดการ','manage',0),(562,51,'ปรุงอาหาร','cook',1),(563,51,'วิ่ง','run',2),(564,51,'การออกกำลังกาย','exercise',3),(565,51,'สอน','teach',4),(566,51,'เขียน','write',5),(567,51,'การศึกษา','study',6),(568,51,'เล่น','play',7),(569,51,'อ่าน','read',8),(570,51,'ทำความสะอาด','clean',9),(571,51,'กำกับ','supervise',10),(572,51,'ทำงาน','work',11),(573,52,'เป็นหวัด','cold',0),(574,52,'ไอ ','cough',1),(575,52,'รู้สึกมึนงง','dizzy',2),(576,52,'เป็นไข้','fever',3),(577,52,'ปวดหัว','headache',4),(578,52,'ไม่สบาย','sick',5),(579,52,'เจ็บคอ','sore throat',6),(580,53,'โกรธ','angry',0),(581,53,'มีความสุข','happy',1),(582,53,'หิว','hungry',2),(583,53,'เสียใจ','sad',3),(584,53,'ง่วงนอน','sleepy',4),(585,53,'เหนื่อย','tired',5),(586,53,'กังวล','worried',6),(587,54,'วันนี้คุณเป็นอย่างไรบ้าง?','How are you doing today?',0),(588,54,'คุณสบายดีไหม?','How are you?',1),(589,54,'คุณเป็นอย่างไรบ้าง?','How have you been?',2),(590,54,'ครอบครัวของคุณเป็นอย่างไรบ้าง?','How is your family?',3),(591,54,'งานเป็นอย่างไรบ้าง?','How\'s your job?',4),(592,54,'ผมมีความสุข.','I\'m happy.',5),(593,54,'ขอโทษนะคะฉันลืมชื่อของคุณ.','I\'m sorry I forgot your name.',6),(594,54,'ดีใจที่ได้พบกันอีก.','It\'s good to see you again.',7),(595,54,'ดีใจที่ได้พบคุณเช่นกัน.','It\'s nice to see you too.',8),(596,54,'ส่งข่าวคราวมาบ้างนะ.','Keep in touch.',9),(597,54,'ครอบครัวของผมมีความสุข.','My family is happy.',10),(598,54,'ไว้เจอกันใหม่.','See you later.',11),(599,54,'รักษาตัวด้วยนะ.','Take care.',12),(600,54,'พวกเราทุกคนไอ.','We all have a cough.',13),(601,54,'พวกเรามีความสุข','We are happy.',14),(602,54,'ฉันต้องไปแล้วละ.','Well, I have to go.',15),(603,54,'คุณชื่ออะไรนะ?','What was your name?',16),(604,54,'พ่อของคุณเป็นอะไร?','What\'s wrong with your father?',17),(605,54,'เป็นอะไร?','What\'s wrong?',18),(607,55,'สนทนา','talk',0),(608,55,'กิน','eat',1),(609,55,'ฟัง','listen',2),(610,55,'เล่น','play',3),(611,55,'อ่านหนังสือ','read',4),(612,55,'นอนหลับ','sleep',5),(613,55,'มองดู','watch',6),(614,55,'ทำงาน','work',7),(615,56,'เป็นลูกบุญธรรม','adopted',0),(616,56,'คบหากัน','dating',1),(617,56,'หย่าแล้ว','divorced',2),(618,56,'หมั้น','engaged',3),(619,56,'แต่งงานแล้ว','married',4),(620,56,'แต่งงานใหม่','remarried',5),(621,56,'แยกทางกันอยู่','separated',6),(622,56,'โสด','single',7),(623,56,'เป็นหม้าย','widowed',8),(624,57,'พี่/น้องเขย','brother-in-law',0),(625,57,'พี่/น้องสะใภ้','sister-in-law',1),(626,57,'พ่อตา/พ่อปู่','father-in-law',2),(627,57,'แม่ยาย/แม่ย่า','mother-in-law',3),(628,57,'ลุง','uncle',4),(629,57,'ป้า','aunt',5),(630,57,'หลานชาย','nephew',6),(631,57,'หลานสาว','niece',7),(632,57,'ลูกพี่ลูกน้อง','cousin',8),(633,57,'หลาน','grandchild',9),(634,57,'หลาน','grandchildren',10),(635,57,'หลานสาว','granddaughter',11),(636,57,'หลานชาย','grandson',12),(637,57,'ปู่/ตา','grandfather',13),(638,57,'ย่า/ยาย','grandmother',14),(639,57,'ปู่ย่าตายาย','grandparents',15),(640,58,'พ่อ','father',0),(641,58,'พ่อ','dad',1),(642,58,'แม่','mother',2),(643,58,'แม่','mom',3),(644,58,'พี่ชาย/น้องชาย','brother',4),(645,58,'พี่สาวน้องสาว','sister',5),(646,58,'ลูกสาว','daughter',6),(647,58,'ลูกชาย','son',7),(648,58,'สามี','husband',8),(649,58,'ภรรยา','wife',9),(650,58,'พ่อแม่','parents',10),(651,58,'ครอบครัว','family',11),(652,58,'พ่อเลี้ยง','stepfather',12),(653,58,'แม่เลี้ยง','stepmother',13),(654,58,'พี่สาว/น้องสาวไม่แท้','stepsister',14),(655,58,'พี่ชาย/น้องชายไม่แท้','stepbrother',15),(656,59,'พิการ','disabled',0),(657,59,'สุขภาพดี','healthy',1),(658,59,'ตั้งครรภ์','pregnant',2),(659,59,'ป่วย','sick',3),(660,60,'เป็นมิตร','friendly',0),(661,60,'ตลก','funny',1),(662,60,'ใจกว้าง','generous',2),(663,60,'ฉลาด','intelligent',3),(664,60,'ใจดี','kind',4),(665,60,'นิสัยดี','nice',5),(666,60,'เงียบ','quiet',6),(667,60,'อ่อนไหว','sensitive',7),(668,60,'จริงจัง','serious',8),(669,61,'ก่อนวัยเรียน','preschool',0),(670,61,'อนุบาล','kindergarden',1),(671,61,'ประถมศึกษา','elementary school',2),(672,61,'ชั้นเรียน/เกรด','grade',3),(673,61,'ระดับโรงเรียน','grade school',4),(674,61,'มัธยมต้น','junior high',5),(675,61,'มัธยมปลาย','high school',6),(676,61,'มหาวิทยาลัย','college',7),(677,61,'มหาวิทยาลัย','university',8),(678,62,'บอกฉันเกี่ยวกับครอบครัวของคุณ.','Tell me about your family.',0),(679,62,'คุณมีพี่น้องกี่คน?','How many brothers and sisters do you have?',1),(680,62,'ฉันมีพี่ชายสองคนและน้องสาวหนึ่งคน.','I have two brothers and a sister.',2),(681,62,'พี่ชายของคุณอายุเท่าไหร่?','How old is your brother?',3),(682,62,'พี่ชายของฺฉันอายุ23ปี.','My brother is twenty-three years old.',4),(683,62,'พวกพี่ชายของคุณอายุเท่าไหร่?','How old are your brothers?',5),(684,62,'พวกพี่ชายของฉันอายุ23ปี.','My brothers are twenty-three years old.',6),(685,62,'ลูกพี่ลูกน้องของคุณแต่งงานแล้วไหม？','Is your cousin married?',7),(686,62,'ใช่, ลูกพี่ลูกน้องของฉันแต่งงานแล้ว.','Yes, my cousin is married.',8),(687,62,'ไม่, ลูกพี่ลูกน้องของฉัน (ยัง)ไม่แต่งงาน.','No, my cousin is not married.',9),(688,62,'ญาติของคุณแต่งงานแล้วไหม？','Are your cousins married?',10),(689,62,'ใช่, ญาติของฉันแต่งงานแล้ว','Yes, my cousins are married.',11),(690,62,'ไม่, ลูกพี่ลูกน้องของฉัน (ยัง)ไม่แต่งงาน.','No, my cousins are not married.',12),(691,62,'พี่ชายของคุณชอบทำอะไร？','What does your brother like to do?',13),(692,62,'พี่ชายของฉันชอบอ่านหนังสือ.','My brother likes to read.',14),(693,62,'พี่ชายของคุณชอบทำอะไร？','What do your brothers like to do?',15),(694,62,'พี่ชายของฉันชอบอ่านหนังสือ.','My brothers like to read.',16),(695,63,'จะงอยปาก','beak',0),(696,63,'ขนนก','feather',1),(697,63,'ขน','fur',2),(698,63,'อุ้งเท้า','paw',3),(699,63,'เปลือก','shell',4),(700,63,'หาง','tail',5),(701,63,'ปีก','wing',6),(702,64,'ผึ้ง','bee',0),(703,64,'ผีเสื้อ','butterfly',1),(704,64,'แมลงสาบ','cockroach',2),(705,64,'แมลงวัน','fly',3),(706,64,'แมลง','insect',4),(707,64,'ยุง','mosquito',5),(708,64,'แมงมุม','spider',6),(709,64,'หนอน','worm',7),(710,65,'ไก่','chicken',0),(711,65,'วัว','cow',1),(712,65,'ลา','donkey',2),(713,65,'แพะ','goat',3),(714,65,'ม้า','horse',4),(715,65,'หมู','pig',5),(716,65,'แกะ','sheep',6),(717,66,'จระเข้','alligator',0),(718,66,'ยีราฟ','giraffe',1),(719,66,'กอริลลา','gorilla',2),(720,66,'ฮิปโป','hippopotamus',3),(721,66,'นกแก้ว','parrot',4),(722,66,'ม้าลาย','zebra',5),(723,67,'หมี','bear',0),(724,67,'กวาง','deer',1),(725,67,'นกอินทรี','eagle',2),(726,67,'ช้าง','elephant',3),(727,67,'สุนัขจิ้งจอก','fox',4),(728,67,'เหยี่ยว','hawk',5),(729,67,'สิงโต','lion',6),(730,67,'ลิง','monkey',7),(731,67,'นกพิราบ','pigeon',8),(732,67,'แร็กคูน','raccoon',9),(733,67,'งู','snake',10),(734,67,'เสือ','tiger',11),(735,67,'หมาป่า','wolf',12),(736,68,'หอย','clam',0),(737,68,'ปู','crab',1),(738,68,'ปลาโลมา','dolphin',2),(739,68,'เป็ด','duck',3),(740,68,'ปลา','fish',4),(741,68,'กบ','frog',5),(742,68,'กุ้งก้ามกราม                              ','lobster',6),(743,68,'ปลาหมึก','octopus',7),(744,68,'ปลาฉลาม','shark',8),(745,68,'เต่า','turtle',9),(746,68,'ปลาวาฬ','whale',10),(747,69,'นก','bird',0),(748,69,'แมว','cat',1),(749,69,'สุนัข','dog',2),(750,69,'หนู','mouse',3),(751,69,'สัตว์เลี้ยง','pet',4),(752,70,'สัตว์ที่คุณชื่นชอบคืออะไร?','What is your favorite animal?',0),(753,70,'สัตว์ที่ฉันชอบคือไก่.','My favorite animal is a chicken.',1),(754,70,'สัตว์ที่คุณชื่นชอบคืออะไร?','What are your favorite animals?',2),(755,70,'สัตว์ที่ฉันชอบคือเต่าและช้าง.','My favorite animals are turtles and elephants.',3),(756,70,'คุณชอบสุนัขไหม?','Do you like dogs?',4),(757,70,'ใช่ผมชอบสุนัข.','Yes, I like dogs.',5),(758,70,'ไม่ผมไม่ชอบสุนัข.','No, I don\'t like dogs.',6),(759,70,'เขาชอบม้าลายไหม?','Does he like zebras?',7),(760,70,'ใช่เขาชอบม้าลาย.','Yes, she likes zebras.',8),(761,70,'ไม่ใช่เขาไม่ชอบม้าลาย.','No, he does not like zebras.',9),(762,70,'คุณมีสุนัขไหม?','Do you have a dog?',10),(763,70,'ใช่ฉันมีสัตว์เลี้ยง.','Yes, I have a pet.',11),(764,70,'ไม่ใช่ฉันไม่มีสัตว์เลี้ยง.','No, I don\'t have a pet.',12),(765,70,'ม้ามีจะงอยปากไหม?','Do horses have beaks?',13),(766,70,'ใช่ม้ามีหาง.','Yes, horses have tails.',14),(767,70,'ไม่จรเข้ไม่มีขน.','No, alligators don\'t have fur.',15),(768,71,'พระมหากษัตริย์','king',0),(769,71,'พระราชินี','queen',1),(770,71,'เจ้าชาย','prince',2),(772,71,'เจ้าหญิง','princess',3);
/*!40000 ALTER TABLE `vocabularies` ENABLE KEYS */;
UNLOCK TABLES;

--
-- Table structure for table `vocabulary_audios`
--

DROP TABLE IF EXISTS `vocabulary_audios`;
/*!40101 SET @saved_cs_client     = @@character_set_client */;
/*!40101 SET character_set_client = utf8 */;
CREATE TABLE `vocabulary_audios` (
  `id` int(10) unsigned NOT NULL,
  `vocabulary_id` int(10) unsigned NOT NULL,
  `audio_url` varchar(255) NOT NULL
) ENGINE=InnoDB DEFAULT CHARSET=utf8;
/*!40101 SET character_set_client = @saved_cs_client */;

--
-- Dumping data for table `vocabulary_audios`
--

LOCK TABLES `vocabulary_audios` WRITE;
/*!40000 ALTER TABLE `vocabulary_audios` DISABLE KEYS */;
INSERT INTO `vocabulary_audios` VALUES (1308,0,'audio_url'),(1,1,'/public/audio/1.10.king.mp3'),(2,1,'/public/audio/1.10.king.ogg'),(3,2,'/public/audio/1.10.queen.mp3'),(4,2,'/public/audio/1.10.queen.ogg'),(5,3,'/public/audio/1.10.prince.mp3'),(6,3,'/public/audio/1.10.prince.ogg'),(7,4,'/public/audio/1.10.princess.mp3'),(8,4,'/public/audio/1.10.princess.ogg'),(9,5,'/public/audio/1.10.father.mp3'),(10,5,'/public/audio/1.10.father.ogg'),(11,6,'/public/audio/1.10.dad.mp3'),(12,6,'/public/audio/1.10.dad.ogg'),(13,7,'/public/audio/1.10.mother.mp3'),(14,7,'public/audio/1.10.mother.ogg'),(15,8,'/public/audio/1.10.mom.mp3'),(16,8,'/public/audio/1.10.mom.ogg'),(17,9,'/public/audio/1.10.brother.mp3'),(18,9,'/public/audio/1.10.brother.ogg'),(19,10,'/public/audio/1.10.brother-in-law.mp3'),(20,10,'/public/audio/1.10.brother-in-law.ogg'),(21,11,'/public/audio/1.10.sister-in-law.mp3'),(22,11,'/public/audio/1.10.sister-in-law.ogg'),(23,12,'/public/audio/1.10.sister.mp3'),(24,12,'/public/audio/1.10.sister.ogg'),(25,13,'/public/audio/1.10.daughter.mp3'),(26,13,'/public/audio/1.10.daughter.ogg'),(29,14,'/public/audio/1.10.son.mp3'),(30,14,'/public/audio/1.10.son.ogg'),(31,15,'/public/audio/1.10.husband.mp3'),(32,15,'/public/audio/1.10.husband.ogg'),(33,16,'/public/audio/1.10.wife.mp3'),(34,16,'/public/audio/1.10.wife.ogg'),(35,17,'/public/audio/1.10.parents.mp3'),(36,17,'/public/audio/1.10.parents.ogg'),(37,18,'/public/audio/1.10.family.mp3'),(38,18,'/public/audio/1.10.family.ogg'),(39,19,'/public/audio/1.10.stepfather.mp3'),(40,19,'/public/audio/1.10.stepfather.ogg'),(41,20,'/public/audio/1.10.stepmother.mp3'),(42,20,'/public/audio/1.10.stepmother.ogg'),(43,21,'/public/audio/1.10.stepsister.mp3'),(44,21,'/public/audio/1.10.stepsister.ogg'),(45,22,'/public/audio/1.10.stepbrother.mp3'),(46,22,'/public/audio/1.10.stepbrother.ogg'),(47,23,'/public/audio/1.10.father-in-law.mp3'),(48,23,'/public/audio/1.10.father-in-law.ogg'),(49,24,'/public/audio/1.10.mother-in-law.mp3'),(50,24,'/public/audio/1.10.mother-in-law.ogg'),(51,25,'/public/audio/1.10.uncle.mp3'),(52,25,'/public/audio/1.10.uncle.ogg'),(53,26,'/public/audio/1.10.aunt.mp3'),(54,26,'/public/audio/1.10.aunt.ogg'),(55,27,'/public/audio/1.10.nephew.mp3'),(56,27,'/public/audio/1.10.nephew.ogg'),(57,28,'/public/audio/1.10.niece.mp3'),(58,28,'/public/audio/1.10.niece.ogg'),(59,29,'/public/audio/1.10.cousin.mp3'),(60,29,'/public/audio/1.10.cousin.ogg'),(61,30,'/public/audio/1.10.grandchild.mp3'),(62,30,'/public/audio/1.10.grandchild.ogg'),(63,31,'/public/audio/1.10.grandchildren.mp3'),(64,31,'/public/audio/1.10.grandchildren.ogg'),(65,32,'/public/audio/1.10.granddaughter.mp3'),(66,32,'/public/audio/1.10.granddaughter.ogg'),(67,33,'/public/audio/1.10.grandson.mp3'),(68,33,'/public/audio/1.10.grandson.ogg'),(69,34,'/public/audio/1.10.grandfather.mp3'),(70,34,'/public/audio/1.10.grandfather.ogg'),(71,35,'/public/audio/1.10.grandmother.mp3'),(72,35,'/public/audio/1.10.grandmother.ogg'),(73,36,'/public/audio/1.10.grandparents.mp3'),(74,36,'/public/audio/1.10.grandparents.ogg'),(75,37,'/public/audio/1.10.father.mp3'),(76,37,'/public/audio/1.10.father.ogg'),(77,38,'/public/audio/1.10.king.mp3'),(78,38,'/public/audio/1.10.king.ogg'),(79,39,'/public/audio/1.10.queen.mp3'),(80,39,'/public/audio/1.10.queen.ogg'),(81,40,'/public/audio/1.10.prince.mp3'),(82,40,'/public/audio/1.10.prince.ogg'),(83,41,'/public/audio/1.10.princess.mp3'),(84,41,'/public/audio/1.10.princess.ogg'),(85,42,'/public/audio/1.10.dad.mp3'),(86,42,'/public/audio/1.10.dad.ogg'),(87,43,'/public/audio/1.10.mother.mp3'),(88,43,'/public/audio/1.10.mother.ogg'),(89,44,'/public/audio/1.10.mom.mp3'),(90,44,'/public/audio/1.10.mom.ogg'),(91,45,'/public/audio/1.10.brother.mp3'),(92,45,'/public/audio/1.10.brother.ogg'),(93,46,'/public/audio/1.10.sister.mp3'),(94,46,'/public/audio/1.10.sister.ogg'),(95,47,'/public/audio/1.10.daughter.mp3'),(96,47,'/public/audio/1.10.daughter.ogg'),(97,48,'/public/audio/1.10.son.mp3'),(98,48,'/public/audio/1.10.son.ogg'),(101,49,'/public/audio/1.10.husband.mp3'),(102,49,'/public/audio/1.10.husband.ogg'),(103,50,'/public/audio/1.10.wife.mp3'),(104,50,'/public/audio/1.10.wife.ogg'),(105,51,'/public/audio/1.10.parents.mp3'),(106,51,'/public/audio/1.10.parents.ogg'),(107,52,'/public/audio/1.10.family.mp3'),(108,52,'/public/audio/1.10.family.ogg'),(109,53,'/public/audio/1.10.stepfather.mp3'),(110,53,'/public/audio/1.10.stepfather.ogg'),(111,54,'/public/audio/1.10.stepmother.mp3'),(112,54,'/public/audio/1.10.stepmother.ogg'),(113,55,'/public/audio/1.10.stepsister.mp3'),(114,55,'/public/audio/1.10.stepsister.ogg'),(115,56,'/public/audio/1.10.stepbrother.mp3'),(116,56,'/public/audio/1.10.stepbrother.ogg'),(117,57,'/public/audio/1.10.brother-in-law.mp3'),(118,57,'/public/audio/1.10.brother-in-law.ogg'),(119,58,'/public/audio/1.10.sister-in-law.mp3'),(120,58,'/public/audio/1.10.sister-in-law.ogg'),(121,59,'/public/audio/1.10.father-in-law.mp3'),(122,59,'/public/audio/1.10.father-in-law.ogg'),(123,60,'/public/audio/1.10.mother-in-law.mp3'),(124,60,'/public/audio/1.10.mother-in-law.ogg'),(125,61,'/public/audio/1.10.uncle.mp3'),(126,61,'/public/audio/1.10.uncle.ogg'),(127,62,'/public/audio/1.10.aunt.mp3'),(128,62,'/public/audio/1.10.aunt.ogg'),(129,63,'/public/audio/1.10.nephew.mp3'),(130,63,'/public/audio/1.10.nephew.ogg'),(131,64,'/public/audio/1.10.niece.mp3'),(132,64,'/public/audio/1.10.niece.ogg'),(133,65,'/public/audio/1.10.cousin.mp3'),(134,65,'/public/audio/1.10.cousin.ogg'),(135,66,'/public/audio/1.10.grandchild.mp3'),(136,66,'/public/audio/1.10.grandchild.ogg'),(137,67,'/public/audio/1.10.grandchildren.mp3'),(138,67,'/public/audio/1.10.grandchildren.ogg'),(139,68,'/public/audio/1.10.granddaughter.mp3'),(140,68,'/public/audio/1.10.granddaughter.ogg'),(141,69,'/public/audio/1.10.grandson.mp3'),(142,69,'/public/audio/1.10.grandson.ogg'),(143,70,'/public/audio/1.10.grandfather.mp3'),(144,70,'/public/audio/1.10.grandfather.ogg'),(145,71,'/public/audio/1.10.grandmother.mp3'),(146,71,'/public/audio/1.10.grandmother.ogg'),(147,72,'/public/audio/1.10.grandparents.mp3'),(148,72,'/public/audio/1.10.grandparents.ogg'),(149,73,'/public/audio/contract.mp3'),(150,73,'/public/audio/contract.ogg'),(151,74,'/public/audio/customer.service.mp3'),(152,74,'/public/audio/customer.service.ogg'),(153,75,'/public/audio/deal.mp3'),(154,75,'/public/audio/deal.ogg'),(155,76,'/public/audio/downsize.mp3'),(156,76,'/public/audio/downsize.ogg'),(157,77,'/public/audio/expand.mp3'),(158,77,'/public/audio/expand.ogg'),(159,78,'/public/audio/improve.mp3'),(160,78,'/public/audio/improve.ogg'),(161,79,'/public/audio/lower.mp3'),(162,79,'/public/audio/lower.ogg'),(163,80,'/public/audio/market.mp3'),(164,80,'/public/audio/market.ogg'),(165,81,'/public/audio/organize.mp3'),(166,81,'/public/audio/organize.ogg'),(167,82,'/public/audio/quality.mp3'),(168,82,'/public/audio/quality.ogg'),(169,83,'/public/audio/raise.mp3'),(170,83,'/public/audio/raise.ogg'),(171,84,'/public/audio/reduce.mp3'),(172,84,'/public/audio/reduce.ogg'),(173,85,'/public/audio/revenue.mp3'),(174,85,'/public/audio/revenue.ogg'),(175,86,'/public/audio/sales.mp3'),(176,86,'/public/audio/sales.ogg'),(177,87,'/public/audio/sign.mp3'),(178,87,'/public/audio/sign.ogg'),(179,88,'/public/audio/1.10.father.mp3'),(180,88,'/public/audio/1.10.father.ogg'),(181,89,'/public/audio/1.10.dad.mp3'),(182,89,'/public/audio/1.10.dad.ogg'),(183,90,'/public/audio/1.10.mother.mp3'),(184,90,'/public/audio/1.10.mother.ogg'),(185,91,'/public/audio/1.10.mom.mp3'),(186,91,'/public/audio/1.10.mom.ogg'),(187,92,'/public/audio/1.10.brother.mp3'),(188,92,'/public/audio/1.10.brother.ogg'),(189,93,'/public/audio/1.10.sister.mp3'),(190,93,'/public/audio/1.10.sister.ogg'),(191,94,'/public/audio/1.10.daughter.mp3'),(192,94,'/public/audio/1.10.daughter.ogg'),(193,95,'/public/audio/1.10.son.mp3'),(194,95,'/public/audio/1.10.son.ogg'),(195,96,'/public/audio/1.10.husband.mp3'),(196,96,'/public/audio/1.10.husband.ogg'),(197,97,'/public/audio/1.10.wife.mp3'),(198,97,'/public/audio/1.10.wife.ogg'),(199,98,'/public/audio/1.10.parents.mp3'),(200,98,'/public/audio/1.10.parents.ogg'),(201,99,'/public/audio/1.10.family.mp3'),(202,99,'/public/audio/1.10.family.ogg'),(203,100,'/public/audio/1.10.stepfather.mp3'),(204,100,'/public/audio/1.10.stepfather.ogg'),(205,101,'/public/audio/1.10.stepmother.mp3'),(206,101,'/public/audio/1.10.stepmother.ogg'),(207,102,'/public/audio/1.10.stepsister.mp3'),(208,102,'/public/audio/1.10.stepsister.ogg'),(209,103,'/public/audio/1.10.stepbrother.mp3'),(210,103,'/public/audio/1.10.stepbrother.ogg'),(211,104,'/public/audio/1.10.king.mp3'),(212,104,'/public/audio/1.10.king.ogg'),(213,105,'/public/audio/1.10.queen.mp3'),(214,105,'/public/audio/1.10.queen.ogg'),(215,106,'/public/audio/1.10.prince.mp3'),(216,106,'/public/audio/1.10.prince.ogg'),(217,107,'/public/audio/1.10.princess.mp3'),(218,107,'/public/audio/1.10.princess.org'),(220,108,'/public/audio/1.10.brother-in-law.mp3'),(235,108,'/public/audio/1.10.brother-in-law.ogg'),(221,109,'/public/audio/1.10.sister-in-law.mp3'),(236,109,'/public/audio/1.10.sister-in-law.ogg'),(222,110,'/public/audio/1.10.father-in-law.mp3'),(237,110,'/public/audio/1.10.father-in-law.ogg'),(223,111,'/public/audio/1.10.mother-in-law.mp3'),(238,111,'/public/audio/1.10.mother-in-law.ogg'),(224,112,'/public/audio/1.10.uncle.mp3'),(239,112,'/public/audio/1.10.uncle.ogg'),(225,113,'/public/audio/1.10.aunt.mp3'),(240,113,'/public/audio/1.10.aunt.ogg'),(226,114,'/public/audio/1.10.nephew.mp3'),(241,114,'/public/audio/1.10.nephew.ogg'),(227,115,'/public/audio/1.10.niece.mp3'),(242,115,'/public/audio/1.10.niece.ogg'),(228,116,'/public/audio/1.10.cousin.mp3'),(243,116,'/public/audio/1.10.cousin.ogg'),(229,117,'/public/audio/1.10.grandchildren.mp3'),(244,117,'/public/audio/1.10.grandchildren.ogg'),(230,118,'/public/audio/1.10.granddaughter.mp3'),(245,118,'/public/audio/1.10.granddaughter.ogg'),(231,119,'/public/audio/1.10.grandson.mp3'),(246,119,'/public/audio/1.10.grandson.ogg'),(232,120,'/public/audio/1.10.grandfather.mp3'),(247,120,'/public/audio/1.10.grandfather.ogg'),(233,121,'/public/audio/1.10.grandmother.mp3'),(248,121,'/public/audio/1.10.grandmother.ogg'),(234,122,'/public/audio/1.10.grandparents.mp3'),(249,122,'/public/audio/1.10.grandparents.ogg'),(377,123,'/public/audio/1.10.father.mp3'),(378,123,'/public/audio/1.10.father.ogg'),(379,124,'/public/audio/1.10.dad.mp3'),(380,124,'/public/audio/1.10.dad.ogg'),(381,125,'/public/audio/1.10.mother.mp3'),(382,125,'/public/audio/1.10.mother.ogg'),(383,126,'/public/audio/1.10.mom.mp3'),(384,126,'/public/audio/1.10.mom.ogg'),(385,127,'/public/audio/1.10.brother.mp3'),(386,127,'/public/audio/1.10.brother.ogg'),(387,128,'/public/audio/1.10.sister.mp3'),(388,128,'/public/audio/1.10.sister.ogg'),(389,129,'/public/audio/1.10.daughter.mp3'),(390,129,'/public/audio/1.10.daughter.ogg'),(391,130,'/public/audio/1.10.son.mp3'),(392,130,'/public/audio/1.10.son.ogg'),(393,131,'/public/audio/1.10.husband.mp3'),(394,131,'/public/audio/1.10.husband.ogg'),(395,132,'/public/audio/1.10.wife.mp3'),(396,132,'/public/audio/1.10.wife.ogg'),(397,133,'/public/audio/1.10.parents.mp3'),(398,133,'/public/audio/1.10.parents.ogg'),(399,134,'/public/audio/1.10.family.mp3'),(400,134,'/public/audio/1.10.family.ogg'),(401,135,'/public/audio/1.10.stepfather.mp3'),(402,135,'/public/audio/1.10.stepfather.ogg'),(403,136,'/public/audio/1.10.stepmother.mp3'),(404,136,'/public/audio/1.10.stepmother.ogg'),(405,137,'/public/audio/1.10.stepsister.mp3'),(406,137,'/public/audio/1.10.stepsister.ogg'),(407,138,'/public/audio/1.10.stepbrother.mp3'),(408,138,'/public/audio/1.10.stepbrother.ogg'),(409,139,'/public/audio/1.10.brother-in-law.mp3'),(410,139,'/public/audio/1.10.brother-in-law.ogg'),(411,140,'/public/audio/1.10.sister-in-law.mp3'),(412,140,'/public/audio/1.10.sister-in-law.ogg'),(413,141,'/public/audio/1.10.father-in-law.mp3'),(414,141,'/public/audio/1.10.father-in-law.ogg'),(415,142,'/public/audio/1.10.mother-in-law.mp3'),(416,142,'/public/audio/1.10.mother-in-law.ogg'),(417,143,'/public/audio/1.10.uncle.mp3'),(418,143,'/public/audio/1.10.uncle.ogg'),(419,144,'/public/audio/1.10.aunt.mp3'),(420,144,'/public/audio/1.10.aunt.ogg'),(421,145,'/public/audio/1.10.nephew.mp3'),(422,145,'/public/audio/1.10.nephew.ogg'),(423,146,'/public/audio/1.10.niece.mp3'),(424,146,'/public/audio/1.10.niece.ogg'),(425,147,'/public/audio/1.10.cousin.mp3'),(426,147,'/public/audio/1.10.cousin.ogg'),(427,148,'/public/audio/1.10.grandchildren.mp3'),(428,148,'/public/audio/1.10.grandchildren.ogg'),(429,149,'/public/audio/1.10.granddaughter.mp3'),(430,149,'/public/audio/1.10.granddaughter.ogg'),(431,150,'/public/audio/1.10.grandson.mp3'),(432,150,'/public/audio/1.10.grandson.ogg'),(433,151,'/public/audio/1.10.grandfather.mp3'),(434,151,'/public/audio/1.10.grandfather.ogg'),(435,152,'/public/audio/1.10.grandmother.mp3'),(436,152,'/public/audio/1.10.grandmother.ogg'),(437,153,'/public/audio/1.10.grandparents.mp3'),(438,153,'/public/audio/1.10.grandparents.ogg'),(440,154,'/public/audio/1.10.father.mp3'),(441,154,'/public/audio/1.10.father.ogg'),(442,155,'/public/audio/1.10.dad.mp3'),(443,155,'/public/audio/1.10.dad.ogg'),(444,156,'/public/audio/1.10.mother.mp3'),(445,156,'/public/audio/1.10.mother.ogg'),(446,157,'/public/audio/1.10.mom.mp3'),(447,157,'/public/audio/1.10.mom.ogg'),(448,158,'/public/audio/1.10.brother.mp3'),(449,158,'/public/audio/1.10.brother.ogg'),(450,159,'/public/audio/1.10.sister.mp3'),(451,159,'/public/audio/1.10.sister.ogg'),(452,160,'/public/audio/1.10.daughter.mp3'),(453,160,'/public/audio/1.10.daughter.ogg'),(454,161,'/public/audio/1.10.son.mp3'),(455,161,'/public/audio/1.10.son.ogg'),(456,162,'/public/audio/1.10.husband.mp3'),(457,162,'/public/audio/1.10.husband.ogg'),(458,162,'/public/audio/1.10.wife.mp3'),(459,163,'/public/audio/1.10.wife.ogg'),(460,164,'/public/audio/1.10.parents.mp3'),(461,164,'/public/audio/1.10.parents.ogg'),(462,165,'/public/audio/1.10.family.mp3'),(463,165,'/public/audio/1.10.family.ogg'),(464,166,'/public/audio/1.10.stepfather.mp3'),(465,166,'/public/audio/1.10.stepfather.ogg'),(466,167,'/public/audio/1.10.stepmother.mp3'),(467,167,'/public/audio/1.10.stepmother.ogg'),(468,168,'/public/audio/1.10.stepsister.mp3'),(469,168,'/public/audio/1.10.stepsister.ogg'),(470,169,'/public/audio/1.10.stepbrother.mp3'),(471,169,'/public/audio/1.10.stepbrother.ogg'),(472,170,'/public/audio/1.10.brother-in-law.mp3'),(473,170,'/public/audio/1.10.brother-in-law.ogg'),(474,171,'/public/audio/1.10.sister-in-law.mp3'),(475,171,'/public/audio/1.10.sister-in-law.ogg'),(476,172,'/public/audio/1.10.father-in-law.mp3'),(477,172,'/public/audio/1.10.father-in-law.ogg'),(478,173,'/public/audio/1.10.mother-in-law.mp3'),(479,173,'/public/audio/1.10.mother-in-law.ogg'),(480,174,'/public/audio/1.10.uncle.mp3'),(481,174,'/public/audio/1.10.uncle.ogg'),(482,175,'/public/audio/1.10.aunt.mp3'),(483,175,'/public/audio/1.10.aunt.ogg'),(484,176,'/public/audio/1.10.nephew.mp3'),(485,176,'/public/audio/1.10.nephew.ogg'),(486,177,'/public/audio/1.10.niece.mp3'),(487,177,'/public/audio/1.10.niece.ogg'),(488,178,'/public/audio/1.10.cousin.mp3'),(489,178,'/public/audio/1.10.cousin.ogg'),(490,180,'/public/audio/1.10.grandchildren.mp3'),(491,180,'/public/audio/1.10.grandchildren.ogg'),(492,181,'/public/audio/1.10.granddaughter.mp3'),(493,181,'/public/audio/1.10.granddaughter.ogg'),(494,182,'/public/audio/1.10.grandson.mp3'),(495,182,'/public/audio/1.10.grandson.ogg'),(496,183,'/public/audio/1.10.grandfather.mp3'),(497,183,'/public/audio/1.10.grandfather.ogg'),(498,184,'/public/audio/1.10.grandmother.mp3'),(499,184,'/public/audio/1.10.grandmother.ogg'),(500,185,'/public/audio/1.10.grandparents.mp3'),(501,185,'/public/audio/1.10.grandparents.ogg'),(574,186,'/public/audio/1.10.father.mp3'),(575,186,'/public/audio/1.10.father.ogg'),(576,187,'/public/audio/1.10.dad.mp3'),(577,187,'/public/audio/1.10.dad.ogg'),(578,188,'/public/audio/1.10.mother.mp3'),(579,188,'/public/audio/1.10.mother.ogg'),(580,189,'/public/audio/1.10.mom.mp3'),(581,189,'/public/audio/1.10.mom.ogg'),(582,190,'/public/audio/1.10.brother.mp3'),(583,190,'/public/audio/1.10.brother.ogg'),(584,191,'/public/audio/1.10.sister.mp3'),(585,191,'/public/audio/1.10.sister.ogg'),(586,192,'/public/audio/1.10.daughter.mp3'),(587,192,'/public/audio/1.10.daughter.ogg'),(588,193,'/public/audio/1.10.son.mp3'),(589,193,'/public/audio/1.10.son.ogg'),(590,194,'/public/audio/1.10.husband.mp3'),(591,194,'/public/audio/1.10.husband.ogg'),(592,195,'/public/audio/1.10.wife.mp3'),(593,195,'/public/audio/1.10.wife.ogg'),(594,196,'/public/audio/1.10.parents.mp3'),(595,196,'/public/audio/1.10.parents.ogg'),(596,197,'/public/audio/1.10.family.mp3'),(597,197,'/public/audio/1.10.family.ogg'),(598,198,'/public/audio/1.10.stepfather.mp3'),(599,198,'/public/audio/1.10.stepfather.ogg'),(600,199,'/public/audio/1.10.stepmother.mp3'),(601,199,'/public/audio/1.10.stepmother.ogg'),(602,200,'/public/audio/1.10.stepsister.mp3'),(603,200,'/public/audio/1.10.stepsister.ogg'),(604,201,'/public/audio/1.10.stepbrother.mp3'),(605,201,'/public/audio/1.10.stepbrother.ogg'),(606,202,'/public/audio/1.10.king.mp3'),(607,202,'/public/audio/1.10.king.ogg'),(608,203,'/public/audio/1.10.queen.mp3'),(609,203,'/public/audio/1.10.queen.ogg'),(610,204,'/public/audio/1.10.prince.mp3'),(611,204,'/public/audio/1.10.prince.ogg'),(612,205,'/public/audio/1.10.princess.mp3'),(613,205,'/public/audio/1.10.princess.ogg'),(614,206,'/public/audio/1.10.brother-in-law.mp3'),(615,206,'/public/audio/1.10.brother-in-law.ogg'),(616,207,'/public/audio/1.10.sister-in-law.mp3'),(617,207,'/public/audio/1.10.sister-in-law.ogg'),(618,208,'/public/audio/1.10.father-in-law.mp3'),(619,208,'/public/audio/1.10.father-in-law.ogg'),(620,209,'/public/audio/1.10.mother-in-law.mp3'),(621,209,'/public/audio/1.10.mother-in-law.ogg'),(622,210,'/public/audio/1.10.uncle.mp3'),(623,210,'/public/audio/1.10.uncle.ogg'),(624,211,'/public/audio/1.10.aunt.mp3'),(625,211,'/public/audio/1.10.aunt.ogg'),(626,212,'/public/audio/1.10.nephew.mp3'),(627,212,'/public/audio/1.10.nephew.ogg'),(628,213,'/public/audio/1.10.niece.mp3'),(629,213,'/public/audio/1.10.niece.ogg'),(630,214,'/public/audio/1.10.cousin.mp3'),(631,214,'/public/audio/1.10.cousin.ogg'),(632,215,'/public/audio/1.10.grandchildren.mp3'),(633,215,'/public/audio/1.10.grandchildren.ogg'),(634,216,'/public/audio/1.10.granddaughter.mp3'),(635,216,'/public/audio/1.10.granddaughter.ogg'),(636,217,'/public/audio/1.10.grandson.mp3'),(637,217,'/public/audio/1.10.grandson.ogg'),(638,218,'/public/audio/1.10.grandfather.mp3'),(639,218,'/public/audio/1.10.grandfather.ogg'),(640,219,'/public/audio/1.10.grandmother.mp3'),(641,219,'/public/audio/1.10.grandmother.ogg'),(642,220,'/public/audio/1.10.grandparents.mp3'),(643,220,'/public/audio/1.10.grandparents.ogg'),(855,225,'/public/audio/1.01_Spell_your_name-Learn_how_to_spell/vocabulary/A.mp3'),(856,225,'/public/audio/1.01_Spell_your_name-Learn_how_to_spell/vocabulary/A.ogg'),(857,226,'/public/audio/1.01_Spell_your_name-Learn_how_to_spell/vocabulary/B.mp3'),(858,226,'/public/audio/1.01_Spell_your_name-Learn_how_to_spell/vocabulary/B.ogg'),(859,227,'/public/audio/1.01_Spell_your_name-Learn_how_to_spell/vocabulary/C.mp3'),(860,227,'/public/audio/1.01_Spell_your_name-Learn_how_to_spell/vocabulary/C.ogg'),(861,228,'/public/audio/1.01_Spell_your_name-Learn_how_to_spell/vocabulary/D.mp3'),(862,228,'/public/audio/1.01_Spell_your_name-Learn_how_to_spell/vocabulary/D.ogg'),(863,229,'/public/audio/1.01_Spell_your_name-Learn_how_to_spell/vocabulary/E.mp3'),(864,229,'/public/audio/1.01_Spell_your_name-Learn_how_to_spell/vocabulary/E.ogg'),(865,230,'/public/audio/1.01_Spell_your_name-Learn_how_to_spell/vocabulary/F.mp3'),(866,230,'/public/audio/1.01_Spell_your_name-Learn_how_to_spell/vocabulary/F.ogg'),(867,231,'/public/audio/1.01_Spell_your_name-Learn_how_to_spell/vocabulary/G.mp3'),(868,231,'/public/audio/1.01_Spell_your_name-Learn_how_to_spell/vocabulary/G.ogg'),(869,232,'/public/audio/1.01_Spell_your_name-Learn_how_to_spell/vocabulary/H.mp3'),(870,232,'/public/audio/1.01_Spell_your_name-Learn_how_to_spell/vocabulary/H.ogg'),(871,233,'/public/audio/1.01_Spell_your_name-Learn_how_to_spell/vocabulary/I.mp3'),(872,233,'/public/audio/1.01_Spell_your_name-Learn_how_to_spell/vocabulary/I.ogg'),(873,234,'/public/audio/1.01_Spell_your_name-Learn_how_to_spell/vocabulary/J.mp3'),(874,234,'/public/audio/1.01_Spell_your_name-Learn_how_to_spell/vocabulary/J.ogg'),(875,235,'/public/audio/1.01_Spell_your_name-Learn_how_to_spell/vocabulary/K.mp3'),(876,235,'/public/audio/1.01_Spell_your_name-Learn_how_to_spell/vocabulary/K.ogg'),(877,236,'/public/audio/1.01_Spell_your_name-Learn_how_to_spell/vocabulary/L.mp3'),(878,236,'/public/audio/1.01_Spell_your_name-Learn_how_to_spell/vocabulary/L.ogg'),(879,237,'/public/audio/1.01_Spell_your_name-Learn_how_to_spell/vocabulary/M.mp3'),(880,237,'/public/audio/1.01_Spell_your_name-Learn_how_to_spell/vocabulary/M.ogg'),(881,238,'/public/audio/1.01_Spell_your_name-Learn_how_to_spell/vocabulary/N.mp3'),(882,238,'/public/audio/1.01_Spell_your_name-Learn_how_to_spell/vocabulary/N.ogg'),(883,239,'/public/audio/1.01_Spell_your_name-Learn_how_to_spell/vocabulary/O.mp3'),(884,239,'/public/audio/1.01_Spell_your_name-Learn_how_to_spell/vocabulary/O.ogg'),(885,240,'/public/audio/1.01_Spell_your_name-Learn_how_to_spell/vocabulary/P.mp3'),(886,240,'/public/audio/1.01_Spell_your_name-Learn_how_to_spell/vocabulary/P.ogg'),(887,241,'/public/audio/1.01_Spell_your_name-Learn_how_to_spell/vocabulary/Q.mp3'),(888,241,'/public/audio/1.01_Spell_your_name-Learn_how_to_spell/vocabulary/Q.ogg'),(889,242,'/public/audio/1.01_Spell_your_name-Learn_how_to_spell/vocabulary/R.mp3'),(890,242,'/public/audio/1.01_Spell_your_name-Learn_how_to_spell/vocabulary/R.ogg'),(891,243,'/public/audio/1.01_Spell_your_name-Learn_how_to_spell/vocabulary/S.mp3'),(892,243,'/public/audio/1.01_Spell_your_name-Learn_how_to_spell/vocabulary/S.ogg'),(893,244,'/public/audio/1.01_Spell_your_name-Learn_how_to_spell/vocabulary/T.mp3'),(894,244,'/public/audio/1.01_Spell_your_name-Learn_how_to_spell/vocabulary/T.ogg'),(895,245,'/public/audio/1.01_Spell_your_name-Learn_how_to_spell/vocabulary/U.mp3'),(896,245,'/public/audio/1.01_Spell_your_name-Learn_how_to_spell/vocabulary/U.ogg'),(897,246,'/public/audio/1.01_Spell_your_name-Learn_how_to_spell/vocabulary/V.mp3'),(898,246,'/public/audio/1.01_Spell_your_name-Learn_how_to_spell/vocabulary/V.ogg'),(899,247,'/public/audio/1.01_Spell_your_name-Learn_how_to_spell/vocabulary/W.mp3'),(900,247,'/public/audio/1.01_Spell_your_name-Learn_how_to_spell/vocabulary/W.ogg'),(901,248,'/public/audio/1.01_Spell_your_name-Learn_how_to_spell/vocabulary/X.mp3'),(902,248,'/public/audio/1.01_Spell_your_name-Learn_how_to_spell/vocabulary/X.ogg'),(903,249,'/public/audio/1.01_Spell_your_name-Learn_how_to_spell/vocabulary/Y.mp3'),(904,249,'/public/audio/1.01_Spell_your_name-Learn_how_to_spell/vocabulary/Y.ogg'),(905,250,'/public/audio/1.01_Spell_your_name-Learn_how_to_spell/vocabulary/Z.mp3'),(906,250,'/public/audio/1.01_Spell_your_name-Learn_how_to_spell/vocabulary/Z.ogg'),(960,251,'/public/audio/1.01_Spell_your_name-Learn_how_to_spell/vocabulary/name.mp3'),(961,251,'/public/audio/1.01_Spell_your_name-Learn_how_to_spell/vocabulary/name.ogg'),(962,252,'/public/audio/1.01_Spell_your_name-Learn_how_to_spell/vocabulary/first%20name.mp3'),(963,252,'/public/audio/1.01_Spell_your_name-Learn_how_to_spell/vocabulary/first%20name.ogg'),(964,253,'/public/audio/1.01_Spell_your_name-Learn_how_to_spell/vocabulary/last%20name.mp3'),(965,253,'/public/audio/1.01_Spell_your_name-Learn_how_to_spell/vocabulary/last%20name.ogg'),(986,254,'/public/audio/1.01_Spell_your_name-Learn_how_to_spell/vocabulary/what.mp3'),(987,254,'/public/audio/1.01_Spell_your_name-Learn_how_to_spell/vocabulary/what.ogg'),(988,255,'/public/audio/1.01_Spell_your_name-Learn_how_to_spell/vocabulary/how.mp3'),(989,255,'/public/audio/1.01_Spell_your_name-Learn_how_to_spell/vocabulary/how.ogg'),(990,256,'/public/audio/1.01_Spell_your_name-Learn_how_to_spell/vocabulary/to%20spell.mp3'),(991,256,'/public/audio/1.01_Spell_your_name-Learn_how_to_spell/vocabulary/to%20spell.ogg'),(992,257,'/public/audio/1.01_Spell_your_name-Learn_how_to_spell/vocabulary/my.mp3'),(993,257,'/public/audio/1.01_Spell_your_name-Learn_how_to_spell/vocabulary/my.ogg'),(994,258,'/public/audio/1.01_Spell_your_name-Learn_how_to_spell/vocabulary/your.mp3'),(995,258,'/public/audio/1.01_Spell_your_name-Learn_how_to_spell/vocabulary/your.ogg'),(996,259,'/public/audio/1.01_Spell_your_name-Learn_how_to_spell/vocabulary/his.mp3'),(997,259,'/public/audio/1.01_Spell_your_name-Learn_how_to_spell/vocabulary/his.ogg'),(998,260,'/public/audio/1.01_Spell_your_name-Learn_how_to_spell/vocabulary/her.mp3'),(999,260,'/public/audio/1.01_Spell_your_name-Learn_how_to_spell/vocabulary/her.ogg'),(1000,261,'/public/audio/1.01_Spell_your_name-Learn_how_to_spell/vocabulary/its.mp3'),(1001,261,'/public/audio/1.01_Spell_your_name-Learn_how_to_spell/vocabulary/its.ogg'),(1002,262,'/public/audio/1.01_Spell_your_name-Learn_how_to_spell/vocabulary/our.mp3'),(1003,262,'/public/audio/1.01_Spell_your_name-Learn_how_to_spell/vocabulary/our.ogg'),(1004,263,'/public/audio/1.01_Spell_your_name-Learn_how_to_spell/vocabulary/their.mp3'),(1005,263,'/public/audio/1.01_Spell_your_name-Learn_how_to_spell/vocabulary/their.ogg'),(1006,264,'/public/audio/1.01_Spell_your_name-Learn_how_to_spell/vocabulary/mine.mp3'),(1007,264,'/public/audio/1.01_Spell_your_name-Learn_how_to_spell/vocabulary/mine.ogg'),(1008,265,'/public/audio/1.01_Spell_your_name-Learn_how_to_spell/vocabulary/yours.mp3'),(1009,265,'/public/audio/1.01_Spell_your_name-Learn_how_to_spell/vocabulary/yours.ogg'),(1010,266,'/public/audio/1.01_Spell_your_name-Learn_how_to_spell/vocabulary/his.mp3'),(1011,266,'/public/audio/1.01_Spell_your_name-Learn_how_to_spell/vocabulary/his.ogg'),(1012,267,'/public/audio/1.01_Spell_your_name-Learn_how_to_spell/vocabulary/hers.mp3'),(1013,267,'/public/audio/1.01_Spell_your_name-Learn_how_to_spell/vocabulary/hers.ogg'),(1014,268,'/public/audio/1.01_Spell_your_name-Learn_how_to_spell/vocabulary/its.mp3'),(1015,268,'/public/audio/1.01_Spell_your_name-Learn_how_to_spell/vocabulary/its.ogg'),(1016,269,'/public/audio/1.01_Spell_your_name-Learn_how_to_spell/vocabulary/ours.mp3'),(1017,269,'/public/audio/1.01_Spell_your_name-Learn_how_to_spell/vocabulary/ours.ogg'),(1018,270,'/public/audio/1.01_Spell_your_name-Learn_how_to_spell/vocabulary/theirs.mp3'),(1019,270,'/public/audio/1.01_Spell_your_name-Learn_how_to_spell/vocabulary/theirs.ogg'),(1052,271,'/public/audio/1.01_Spell_your_name-Learn_how_to_spell/phrases/How%20do%20you%20spell%20your%20name.mp3'),(1053,271,'/public/audio/1.01_Spell_your_name-Learn_how_to_spell/phrases/How%20do%20you%20spell%20your%20name.ogg'),(1054,272,'/public/audio/1.01_Spell_your_name-Learn_how_to_spell/phrases/How%20do%20you%20spell.mp3'),(1055,272,'/public/audio/1.01_Spell_your_name-Learn_how_to_spell/phrases/How%20do%20you%20spell.ogg'),(1056,273,'/public/audio/1.01_Spell_your_name-Learn_how_to_spell/phrases/is%20spelled.mp3'),(1057,273,'/public/audio/1.01_Spell_your_name-Learn_how_to_spell/phrases/is%20spelled.ogg'),(1058,274,'/public/audio/1.01_Spell_your_name-Learn_how_to_spell/phrases/My%20name%20is%20spelled.mp3'),(1059,274,'/public/audio/1.01_Spell_your_name-Learn_how_to_spell/phrases/My%20name%20is%20spelled.ogg'),(1060,275,'/public/audio/1.01_Spell_your_name-Learn_how_to_spell/phrases/My%20name%20is.mp3'),(1061,275,'/public/audio/1.01_Spell_your_name-Learn_how_to_spell/phrases/My%20name%20is.ogg'),(1062,276,'/public/audio/1.01_Spell_your_name-Learn_how_to_spell/phrases/What%20is%20your%20name.mp3'),(1063,276,'/public/audio/1.01_Spell_your_name-Learn_how_to_spell/phrases/What%20is%20your%20name.ogg'),(1168,277,'/public/audio/1.02_Learn_and_use_numbers/vocabulary/1.02%20one.mp3'),(1169,277,'/public/audio/1.02_Learn_and_use_numbers/vocabulary/1.02%20one.ogg'),(1171,278,'/public/audio/1.02_Learn_and_use_numbers/vocabulary/1.02%20two.ogg'),(1172,279,'/public/audio/1.02_Learn_and_use_numbers/vocabulary/1.02%20three.mp3'),(1173,279,'/public/audio/1.02_Learn_and_use_numbers/vocabulary/1.02%20three.ogg'),(1174,280,'/public/audio/1.02_Learn_and_use_numbers/vocabulary/1.02%20four.mp3'),(1175,280,'/public/audio/1.02_Learn_and_use_numbers/vocabulary/1.02%20four.ogg'),(1176,281,'/public/audio/1.02_Learn_and_use_numbers/vocabulary/1.02%20five.mp3'),(1177,281,'/public/audio/1.02_Learn_and_use_numbers/vocabulary/1.02%20five.ogg'),(1178,282,'/public/audio/1.02_Learn_and_use_numbers/vocabulary/1.02%20six.mp3'),(1179,282,'/public/audio/1.02_Learn_and_use_numbers/vocabulary/1.02%20six.ogg'),(1180,283,'/public/audio/1.02_Learn_and_use_numbers/vocabulary/1.02%20seven.mp3'),(1181,283,'/public/audio/1.02_Learn_and_use_numbers/vocabulary/1.02%20seven.ogg'),(1182,284,'/public/audio/1.02_Learn_and_use_numbers/vocabulary/1.02%20eight.mp3'),(1183,284,'/public/audio/1.02_Learn_and_use_numbers/vocabulary/1.02%20eight.ogg'),(1184,285,'/public/audio/1.02_Learn_and_use_numbers/vocabulary/1.02%20nine.mp3'),(1185,285,'/public/audio/1.02_Learn_and_use_numbers/vocabulary/1.02%20nine.ogg'),(1186,286,'/public/audio/1.02_Learn_and_use_numbers/vocabulary/1.02%20ten.mp3'),(1187,286,'/public/audio/1.02_Learn_and_use_numbers/vocabulary/1.02%20ten.ogg'),(1188,287,'/public/audio/1.02_Learn_and_use_numbers/vocabulary/1.02%20eleven.mp3'),(1189,287,'/public/audio/1.02_Learn_and_use_numbers/vocabulary/1.02%20eleven.ogg'),(1190,288,'/public/audio/1.02_Learn_and_use_numbers/vocabulary/1.02%20twelve.mp3'),(1191,288,'/public/audio/1.02_Learn_and_use_numbers/vocabulary/1.02%20twelve.ogg'),(1192,289,'/public/audio/1.02_Learn_and_use_numbers/vocabulary/1.02%20thirteen.mp3'),(1193,289,'/public/audio/1.02_Learn_and_use_numbers/vocabulary/1.02%20thirteen.ogg'),(1194,290,'/public/audio/1.02_Learn_and_use_numbers/vocabulary/1.02%20fourteen.mp3'),(1195,290,'/public/audio/1.02_Learn_and_use_numbers/vocabulary/1.02%20fourteen.ogg'),(1196,291,'/public/audio/1.02_Learn_and_use_numbers/vocabulary/1.02%20fifteen.mp3'),(1197,291,'/public/audio/1.02_Learn_and_use_numbers/vocabulary/1.02%20fifteen.ogg'),(1198,292,'/public/audio/1.02_Learn_and_use_numbers/vocabulary/1.02%20sixteen.mp3'),(1199,292,'/public/audio/1.02_Learn_and_use_numbers/vocabulary/1.02%20sixteen.ogg'),(1200,293,'/public/audio/1.02_Learn_and_use_numbers/vocabulary/1.02%20seventeen.mp3'),(1201,293,'/public/audio/1.02_Learn_and_use_numbers/vocabulary/1.02%20seventeen.ogg'),(1202,294,'/public/audio/1.02_Learn_and_use_numbers/vocabulary/1.02%20eighteen.mp3'),(1203,294,'/public/audio/1.02_Learn_and_use_numbers/vocabulary/1.02%20eighteen.ogg'),(1204,295,'/public/audio/1.02_Learn_and_use_numbers/vocabulary/1.02%20nineteen.mp3'),(1205,295,'/public/audio/1.02_Learn_and_use_numbers/vocabulary/1.02%20nineteen.ogg'),(1206,296,'/public/audio/1.02_Learn_and_use_numbers/vocabulary/1.02%20twenty.mp3'),(1207,296,'/public/audio/1.02_Learn_and_use_numbers/vocabulary/1.02%20twenty.ogg'),(1170,296,'/public/audio/1.02_Learn_and_use_numbers/vocabulary/1.02%20two.mp3'),(1208,297,'/public/audio/1.02_Learn_and_use_numbers/vocabulary/1.02%20twenty-one.mp3'),(1209,297,'/public/audio/1.02_Learn_and_use_numbers/vocabulary/1.02%20twenty-one.ogg'),(1210,298,'/public/audio/1.02_Learn_and_use_numbers/vocabulary/1.02%20twenty-two.mp3'),(1211,298,'/public/audio/1.02_Learn_and_use_numbers/vocabulary/1.02%20twenty-two.ogg'),(1212,299,'/public/audio/1.02_Learn_and_use_numbers/vocabulary/1.02%20twenty-three.mp3'),(1213,299,'/public/audio/1.02_Learn_and_use_numbers/vocabulary/1.02%20twenty-three.ogg'),(1214,300,'/public/audio/1.02_Learn_and_use_numbers/vocabulary/1.02%20twenty-four.mp3'),(1215,300,'/public/audio/1.02_Learn_and_use_numbers/vocabulary/1.02%20twenty-four.ogg'),(1216,301,'/public/audio/1.02_Learn_and_use_numbers/vocabulary/1.02%20twenty-five.mp3'),(1217,301,'/public/audio/1.02_Learn_and_use_numbers/vocabulary/1.02%20twenty-five.ogg'),(1218,302,'/public/audio/1.02_Learn_and_use_numbers/vocabulary/1.02%20twenty-six.mp3'),(1219,302,'/public/audio/1.02_Learn_and_use_numbers/vocabulary/1.02%20twenty-six.ogg'),(1220,303,'/public/audio/1.02_Learn_and_use_numbers/vocabulary/1.02%20twenty-seven.mp3'),(1221,303,'/public/audio/1.02_Learn_and_use_numbers/vocabulary/1.02%20twenty-seven.ogg'),(1222,304,'/public/audio/1.02_Learn_and_use_numbers/vocabulary/1.02%20twenty-eight.mp3'),(1223,304,'/public/audio/1.02_Learn_and_use_numbers/vocabulary/1.02%20twenty-eight.ogg'),(1224,305,'/public/audio/1.02_Learn_and_use_numbers/vocabulary/1.02%20twenty-nine.mp3'),(1225,305,'/public/audio/1.02_Learn_and_use_numbers/vocabulary/1.02%20twenty-nine.ogg'),(1226,306,'/public/audio/1.02_Learn_and_use_numbers/vocabulary/1.02%20thirty.mp3'),(1227,306,'/public/audio/1.02_Learn_and_use_numbers/vocabulary/1.02%20thirty.ogg'),(1228,307,'/public/audio/1.02_Learn_and_use_numbers/vocabulary/1.02%20forty.mp3'),(1229,307,'/public/audio/1.02_Learn_and_use_numbers/vocabulary/1.02%20forty.ogg'),(1230,308,'/public/audio/1.02_Learn_and_use_numbers/vocabulary/1.02%20fifty.mp3'),(1231,308,'/public/audio/1.02_Learn_and_use_numbers/vocabulary/1.02%20fifty.ogg'),(1232,309,'/public/audio/1.02_Learn_and_use_numbers/vocabulary/1.02%20sixty.mp3'),(1233,309,'/public/audio/1.02_Learn_and_use_numbers/vocabulary/1.02%20sixty.ogg'),(1234,310,'/public/audio/1.02_Learn_and_use_numbers/vocabulary/1.02%20seventy.mp3'),(1235,310,'/public/audio/1.02_Learn_and_use_numbers/vocabulary/1.02%20seventy.ogg'),(1236,311,'/public/audio/1.02_Learn_and_use_numbers/vocabulary/1.02%20eighty.mp3'),(1237,311,'/public/audio/1.02_Learn_and_use_numbers/vocabulary/1.02%20eighty.ogg'),(1238,312,'/public/audio/1.02_Learn_and_use_numbers/vocabulary/1.02%20ninety.mp3'),(1239,312,'/public/audio/1.02_Learn_and_use_numbers/vocabulary/1.02%20ninety.ogg'),(1240,313,'/public/audio/1.02_Learn_and_use_numbers/vocabulary/1.02%20one%20hundred.mp3'),(1241,313,'/public/audio/1.02_Learn_and_use_numbers/vocabulary/1.02%20one%20hundred.ogg'),(1260,314,'/public/audio/1.02_Learn_and_use_numbers/vocabulary/1.02%20two%20hundred.mp3'),(1261,314,'/public/audio/1.02_Learn_and_use_numbers/vocabulary/1.02%20two%20hundred.ogg'),(1262,315,'/public/audio/1.02_Learn_and_use_numbers/vocabulary/1.02%20three%20hundred.mp3'),(1263,315,'/public/audio/1.02_Learn_and_use_numbers/vocabulary/1.02%20three%20hundred.ogg'),(1264,316,'/public/audio/1.02_Learn_and_use_numbers/vocabulary/1.02%20four%20hundred.mp3'),(1265,316,'/public/audio/1.02_Learn_and_use_numbers/vocabulary/1.02%20four%20hundred.ogg'),(1266,317,'/public/audio/1.02_Learn_and_use_numbers/vocabulary/1.02%20five%20hundred.mp3'),(1267,317,'/public/audio/1.02_Learn_and_use_numbers/vocabulary/1.02%20five%20hundred.ogg'),(1268,318,'/public/audio/1.02_Learn_and_use_numbers/vocabulary/1.02%20six%20hundred.mp3'),(1269,318,'/public/audio/1.02_Learn_and_use_numbers/vocabulary/1.02%20six%20hundred.ogg'),(1270,319,'/public/audio/1.02_Learn_and_use_numbers/vocabulary/1.02%20seven%20hundred.mp3'),(1271,319,'/public/audio/1.02_Learn_and_use_numbers/vocabulary/1.02%20seven%20hundred.ogg'),(1272,320,'/public/audio/1.02_Learn_and_use_numbers/vocabulary/1.02%20eight%20hundred.mp3'),(1273,320,'/public/audio/1.02_Learn_and_use_numbers/vocabulary/1.02%20eight%20hundred.ogg'),(1274,321,'/public/audio/1.02_Learn_and_use_numbers/vocabulary/1.02%20nine%20hundred.mp3'),(1275,321,'/public/audio/1.02_Learn_and_use_numbers/vocabulary/1.02%20nine%20hundred.ogg'),(1252,322,'/public/audio/1.02_Learn_and_use_numbers/vocabulary/1.02%20one%20thousand.mp3'),(1253,322,'/public/audio/1.02_Learn_and_use_numbers/vocabulary/1.02%20one%20thousand.ogg'),(1276,323,'/public/audio/1.02_Learn_and_use_numbers/vocabulary/dot.mp3'),(1277,323,'/public/audio/1.02_Learn_and_use_numbers/vocabulary/dot.ogg'),(1278,324,'/public/audio/1.02_Learn_and_use_numbers/vocabulary/at.mp3'),(1279,324,'/public/audio/1.02_Learn_and_use_numbers/vocabulary/at.ogg'),(1280,325,'/public/audio/1.02_Learn_and_use_numbers/vocabulary/dash.mp3'),(1281,325,'/public/audio/1.02_Learn_and_use_numbers/vocabulary/dash.ogg'),(1282,326,'/public/audio/1.02_Learn_and_use_numbers/vocabulary/plus.mp3'),(1283,326,'/public/audio/1.02_Learn_and_use_numbers/vocabulary/plus.ogg'),(1284,327,'/public/audio/1.02_Learn_and_use_numbers/vocabulary/minus.mp3'),(1285,327,'/public/audio/1.02_Learn_and_use_numbers/vocabulary/minus.ogg'),(1286,328,'/public/audio/1.02_Learn_and_use_numbers/vocabulary/telephone%20number.mp3'),(1287,328,'/public/audio/1.02_Learn_and_use_numbers/vocabulary/telephone%20number.ogg'),(1288,329,'/public/audio/1.02_Learn_and_use_numbers/vocabulary/room.mp3'),(1289,329,'/public/audio/1.02_Learn_and_use_numbers/vocabulary/room.ogg'),(1290,330,'/public/audio/1.02_Learn_and_use_numbers/vocabulary/ID%20number.mp3'),(1291,330,'/public/audio/1.02_Learn_and_use_numbers/vocabulary/ID%20number.ogg'),(1292,331,'/public/audio/1.02_Learn_and_use_numbers/vocabulary/number.mp3'),(1293,331,'/public/audio/1.02_Learn_and_use_numbers/vocabulary/number.ogg'),(1294,332,'/public/audio/1.02_Learn_and_use_numbers/phrases/1.02%20What%20is%20your%20telephone%20number.mp3'),(1295,332,'/public/audio/1.02_Learn_and_use_numbers/phrases/1.02%20What%20is%20your%20telephone%20number.ogg'),(1296,333,'/public/audio/1.02_Learn_and_use_numbers/phrases/1.02%20My%20telephone%20number%20is.mp3'),(1297,333,'/public/audio/1.02_Learn_and_use_numbers/phrases/1.02%20My%20telephone%20number%20is.ogg'),(1298,334,'/public/audio/1.02_Learn_and_use_numbers/phrases/1.02%20What%20is%20three%20plus%20two.mp3'),(1299,334,'/public/audio/1.02_Learn_and_use_numbers/phrases/1.02%20What%20is%20three%20plus%20two.ogg'),(1300,335,'/public/audio/1.02_Learn_and_use_numbers/phrases/1.02%20Three%20plus%20two%20is%20five.mp3'),(1301,335,'/public/audio/1.02_Learn_and_use_numbers/phrases/1.02%20Three%20plus%20two%20is%20five.ogg'),(1302,336,'/public/audio/1.02_Learn_and_use_numbers/phrases/1.02%20What%20is%20nine%20minus%20four.mp3'),(1303,336,'/public/audio/1.02_Learn_and_use_numbers/phrases/1.02%20What%20is%20nine%20minus%20four.ogg'),(1304,337,'/public/audio/1.02_Learn_and_use_numbers/phrases/1.02%20Nine%20minus%20four%20is%20five.mp3'),(1305,337,'/public/audio/1.02_Learn_and_use_numbers/phrases/1.02%20Nine%20minus%20four%20is%20five.ogg'),(1306,338,'/public/audio/1.02_Learn_and_use_numbers/vocabulary/how%20much.mp3'),(1307,338,'/public/audio/1.02_Learn_and_use_numbers/vocabulary/how%20much.ogg'),(1309,339,'/public/audio/1.03_Talk_about_dates_and_tell_time/vocabulary/1.03%20January.mp3'),(1375,339,'/public/audio/1.03_Talk_about_dates_and_tell_time/vocabulary/1.03%20January.ogg'),(1310,340,'/public/audio/1.03_Talk_about_dates_and_tell_time/vocabulary/1.03%20February.mp3'),(1376,340,'/public/audio/1.03_Talk_about_dates_and_tell_time/vocabulary/1.03%20February.ogg'),(1311,341,'/public/audio/1.03_Talk_about_dates_and_tell_time/vocabulary/1.03%20March.mp3'),(1377,341,'/public/audio/1.03_Talk_about_dates_and_tell_time/vocabulary/1.03%20March.ogg'),(1312,342,'/public/audio/1.03_Talk_about_dates_and_tell_time/vocabulary/1.03%20April.mp3'),(1378,342,'/public/audio/1.03_Talk_about_dates_and_tell_time/vocabulary/1.03%20April.ogg'),(1313,343,'/public/audio/1.03_Talk_about_dates_and_tell_time/vocabulary/1.03%20May.mp3'),(1379,343,'/public/audio/1.03_Talk_about_dates_and_tell_time/vocabulary/1.03%20May.ogg'),(1314,344,'/public/audio/1.03_Talk_about_dates_and_tell_time/vocabulary/1.03%20June.mp3'),(1380,344,'/public/audio/1.03_Talk_about_dates_and_tell_time/vocabulary/1.03%20June.ogg'),(1315,345,'/public/audio/1.03_Talk_about_dates_and_tell_time/vocabulary/1.03%20July.mp3'),(1381,345,'/public/audio/1.03_Talk_about_dates_and_tell_time/vocabulary/1.03%20July.ogg'),(1316,346,'/public/audio/1.03_Talk_about_dates_and_tell_time/vocabulary/1.03%20August.mp3'),(1382,346,'/public/audio/1.03_Talk_about_dates_and_tell_time/vocabulary/1.03%20August.ogg'),(1317,347,'/public/audio/1.03_Talk_about_dates_and_tell_time/vocabulary/1.03%20September.mp3'),(1383,347,'/public/audio/1.03_Talk_about_dates_and_tell_time/vocabulary/1.03%20September.ogg'),(1318,348,'/public/audio/1.03_Talk_about_dates_and_tell_time/vocabulary/1.03%20October.mp3'),(1384,348,'/public/audio/1.03_Talk_about_dates_and_tell_time/vocabulary/1.03%20October.ogg'),(1319,349,'/public/audio/1.03_Talk_about_dates_and_tell_time/vocabulary/1.03%20November.mp3'),(1385,349,'/public/audio/1.03_Talk_about_dates_and_tell_time/vocabulary/1.03%20November.ogg'),(1320,350,'/public/audio/1.03_Talk_about_dates_and_tell_time/vocabulary/1.03%20December.mp3'),(1386,350,'/public/audio/1.03_Talk_about_dates_and_tell_time/vocabulary/1.03%20December.ogg'),(1321,351,'/public/audio/1.03_Talk_about_dates_and_tell_time/vocabulary/1.03%20Sunday.mp3'),(1387,351,'/public/audio/1.03_Talk_about_dates_and_tell_time/vocabulary/1.03%20Sunday.ogg'),(1322,352,'/public/audio/1.03_Talk_about_dates_and_tell_time/vocabulary/1.03%20Monday.mp3'),(1388,352,'/public/audio/1.03_Talk_about_dates_and_tell_time/vocabulary/1.03%20Monday.ogg'),(1323,353,'/public/audio/1.03_Talk_about_dates_and_tell_time/vocabulary/1.03%20Tuesday.mp3'),(1389,353,'/public/audio/1.03_Talk_about_dates_and_tell_time/vocabulary/1.03%20Tuesday.ogg'),(1324,354,'/public/audio/1.03_Talk_about_dates_and_tell_time/vocabulary/1.03%20Wednesday.mp3'),(1390,354,'/public/audio/1.03_Talk_about_dates_and_tell_time/vocabulary/1.03%20Wednesday.ogg'),(1325,355,'/public/audio/1.03_Talk_about_dates_and_tell_time/vocabulary/1.03%20Thursday.mp3'),(1391,355,'/public/audio/1.03_Talk_about_dates_and_tell_time/vocabulary/1.03%20Thursday.ogg'),(1326,356,'/public/audio/1.03_Talk_about_dates_and_tell_time/vocabulary/1.03%20Friday.mp3'),(1392,356,'/public/audio/1.03_Talk_about_dates_and_tell_time/vocabulary/1.03%20Friday.ogg'),(1327,357,'/public/audio/1.03_Talk_about_dates_and_tell_time/vocabulary/1.03%20Saturday.mp3'),(1393,357,'/public/audio/1.03_Talk_about_dates_and_tell_time/vocabulary/1.03%20Saturday.ogg'),(1328,358,'/public/audio/1.03_Talk_about_dates_and_tell_time/vocabulary/1.03%20Yesterday.mp3'),(1394,358,'/public/audio/1.03_Talk_about_dates_and_tell_time/vocabulary/1.03%20Yesterday.ogg'),(1329,359,'/public/audio/1.03_Talk_about_dates_and_tell_time/vocabulary/1.03%20Today.mp3'),(1395,359,'/public/audio/1.03_Talk_about_dates_and_tell_time/vocabulary/1.03%20Today.ogg'),(1330,360,'/public/audio/1.03_Talk_about_dates_and_tell_time/vocabulary/1.03%20Tomorrow.mp3'),(1396,360,'/public/audio/1.03_Talk_about_dates_and_tell_time/vocabulary/1.03%20Tomorrow.ogg'),(1331,361,'/public/audio/1.03_Talk_about_dates_and_tell_time/vocabulary/1.03%20Winter.mp3'),(1397,361,'/public/audio/1.03_Talk_about_dates_and_tell_time/vocabulary/1.03%20Winter.ogg'),(1332,362,'/public/audio/1.03_Talk_about_dates_and_tell_time/vocabulary/1.03%20Spring.mp3'),(1398,362,'/public/audio/1.03_Talk_about_dates_and_tell_time/vocabulary/1.03%20Spring.ogg'),(1333,363,'/public/audio/1.03_Talk_about_dates_and_tell_time/vocabulary/1.03%20Summer.mp3'),(1399,363,'/public/audio/1.03_Talk_about_dates_and_tell_time/vocabulary/1.03%20Summer.ogg'),(1334,364,'/public/audio/1.03_Talk_about_dates_and_tell_time/vocabulary/1.03%20Fall.mp3'),(1400,364,'/public/audio/1.03_Talk_about_dates_and_tell_time/vocabulary/1.03%20Fall.ogg'),(1335,365,'/public/audio/1.03_Talk_about_dates_and_tell_time/vocabulary/1.03%20Morning.mp3'),(1401,365,'/public/audio/1.03_Talk_about_dates_and_tell_time/vocabulary/1.03%20Morning.ogg'),(1336,366,'/public/audio/1.03_Talk_about_dates_and_tell_time/vocabulary/1.03%20Noon.mp3'),(1402,366,'/public/audio/1.03_Talk_about_dates_and_tell_time/vocabulary/1.03%20Noon.ogg'),(1337,367,'/public/audio/1.03_Talk_about_dates_and_tell_time/vocabulary/1.03%20Afternoon.mp3'),(1403,367,'/public/audio/1.03_Talk_about_dates_and_tell_time/vocabulary/1.03%20Afternoon.ogg'),(1338,368,'/public/audio/1.03_Talk_about_dates_and_tell_time/vocabulary/1.03%20Evening.mp3'),(1404,368,'/public/audio/1.03_Talk_about_dates_and_tell_time/vocabulary/1.03%20Evening.ogg'),(1339,369,'/public/audio/1.03_Talk_about_dates_and_tell_time/vocabulary/1.03%20Night.mp3'),(1405,369,'/public/audio/1.03_Talk_about_dates_and_tell_time/vocabulary/1.03%20Night.ogg'),(1340,370,'/public/audio/1.03_Talk_about_dates_and_tell_time/vocabulary/1.03%20Midnight.mp3'),(1406,370,'/public/audio/1.03_Talk_about_dates_and_tell_time/vocabulary/1.03%20Midnight.ogg'),(1341,371,'/public/audio/1.03_Talk_about_dates_and_tell_time/vocabulary/1.03%20Day.mp3'),(1407,371,'/public/audio/1.03_Talk_about_dates_and_tell_time/vocabulary/1.03%20Day.ogg'),(1342,372,'/public/audio/1.03_Talk_about_dates_and_tell_time/vocabulary/1.03%20Hour.mp3'),(1408,372,'/public/audio/1.03_Talk_about_dates_and_tell_time/vocabulary/1.03%20Hour.ogg'),(1343,373,'/public/audio/1.03_Talk_about_dates_and_tell_time/vocabulary/1.03%20Later.mp3'),(1409,373,'/public/audio/1.03_Talk_about_dates_and_tell_time/vocabulary/1.03%20Later.ogg'),(1344,374,'/public/audio/1.03_Talk_about_dates_and_tell_time/vocabulary/1.03%20Minute.mp3'),(1410,374,'/public/audio/1.03_Talk_about_dates_and_tell_time/vocabulary/1.03%20Minute.ogg'),(1345,375,'/public/audio/1.03_Talk_about_dates_and_tell_time/vocabulary/1.03%20Month.mp3'),(1411,375,'/public/audio/1.03_Talk_about_dates_and_tell_time/vocabulary/1.03%20Month.ogg'),(1346,376,'/public/audio/1.03_Talk_about_dates_and_tell_time/vocabulary/1.03%20Now.mp3'),(1412,376,'/public/audio/1.03_Talk_about_dates_and_tell_time/vocabulary/1.03%20Now.ogg'),(1347,377,'/public/audio/1.03_Talk_about_dates_and_tell_time/vocabulary/1.03%20Second.mp3'),(1413,377,'/public/audio/1.03_Talk_about_dates_and_tell_time/vocabulary/1.03%20Second.ogg'),(1348,378,'/public/audio/1.03_Talk_about_dates_and_tell_time/vocabulary/1.03%20Year.mp3'),(1414,378,'/public/audio/1.03_Talk_about_dates_and_tell_time/vocabulary/1.03%20Year.ogg'),(1349,379,'/public/audio/1.03_Talk_about_dates_and_tell_time/vocabulary/First.mp3'),(1415,379,'/public/audio/1.03_Talk_about_dates_and_tell_time/vocabulary/First.ogg'),(1350,380,'/public/audio/1.03_Talk_about_dates_and_tell_time/vocabulary/Second.mp3'),(1416,380,'/public/audio/1.03_Talk_about_dates_and_tell_time/vocabulary/Second.ogg'),(1351,381,'/public/audio/1.03_Talk_about_dates_and_tell_time/vocabulary/Third.mp3'),(1417,381,'/public/audio/1.03_Talk_about_dates_and_tell_time/vocabulary/Third.ogg'),(1352,382,'/public/audio/1.03_Talk_about_dates_and_tell_time/vocabulary/Fourth.mp3'),(1418,382,'/public/audio/1.03_Talk_about_dates_and_tell_time/vocabulary/Fourth.ogg'),(1353,383,'/public/audio/1.03_Talk_about_dates_and_tell_time/vocabulary/Fifth.mp3'),(1419,383,'/public/audio/1.03_Talk_about_dates_and_tell_time/vocabulary/Fifth.ogg'),(1354,384,'/public/audio/1.03_Talk_about_dates_and_tell_time/vocabulary/Sixth.mp3'),(1420,384,'/public/audio/1.03_Talk_about_dates_and_tell_time/vocabulary/Sixth.ogg'),(1355,385,'/public/audio/1.03_Talk_about_dates_and_tell_time/vocabulary/Seventh.mp3'),(1421,385,'/public/audio/1.03_Talk_about_dates_and_tell_time/vocabulary/Seventh.ogg'),(1356,386,'/public/audio/1.03_Talk_about_dates_and_tell_time/vocabulary/Eighth.mp3'),(1422,386,'/public/audio/1.03_Talk_about_dates_and_tell_time/vocabulary/Eighth.ogg'),(1357,387,'/public/audio/1.03_Talk_about_dates_and_tell_time/vocabulary/Ninth.mp3'),(1423,387,'/public/audio/1.03_Talk_about_dates_and_tell_time/vocabulary/Ninth.ogg'),(1358,388,'/public/audio/1.03_Talk_about_dates_and_tell_time/vocabulary/Tenth.mp3'),(1424,388,'/public/audio/1.03_Talk_about_dates_and_tell_time/vocabulary/Tenth.ogg'),(1359,389,'/public/audio/1.03_Talk_about_dates_and_tell_time/vocabulary/Eleventh.mp3'),(1425,389,'/public/audio/1.03_Talk_about_dates_and_tell_time/vocabulary/Eleventh.ogg'),(1360,390,'/public/audio/1.03_Talk_about_dates_and_tell_time/vocabulary/Twelfth.mp3'),(1426,390,'/public/audio/1.03_Talk_about_dates_and_tell_time/vocabulary/Twelfth.ogg'),(1361,391,'/public/audio/1.03_Talk_about_dates_and_tell_time/vocabulary/Thirteenth.mp3'),(1427,391,'/public/audio/1.03_Talk_about_dates_and_tell_time/vocabulary/Thirteenth.ogg'),(1362,392,'/public/audio/1.03_Talk_about_dates_and_tell_time/vocabulary/Fourteenth.mp3'),(1428,392,'/public/audio/1.03_Talk_about_dates_and_tell_time/vocabulary/Fourteenth.ogg'),(1363,393,'/public/audio/1.03_Talk_about_dates_and_tell_time/vocabulary/Fifteenth.mp3'),(1429,393,'/public/audio/1.03_Talk_about_dates_and_tell_time/vocabulary/Fifteenth.ogg'),(1364,394,'/public/audio/1.03_Talk_about_dates_and_tell_time/vocabulary/Sixteenth.mp3'),(1430,394,'/public/audio/1.03_Talk_about_dates_and_tell_time/vocabulary/Sixteenth.ogg'),(1365,395,'/public/audio/1.03_Talk_about_dates_and_tell_time/vocabulary/Seventeenth.mp3'),(1431,395,'/public/audio/1.03_Talk_about_dates_and_tell_time/vocabulary/Seventeenth.ogg'),(1366,396,'/public/audio/1.03_Talk_about_dates_and_tell_time/vocabulary/Eighteenth.mp3'),(1432,396,'/public/audio/1.03_Talk_about_dates_and_tell_time/vocabulary/Eighteenth.ogg'),(1367,397,'/public/audio/1.03_Talk_about_dates_and_tell_time/vocabulary/Nineteenth.mp3'),(1433,397,'/public/audio/1.03_Talk_about_dates_and_tell_time/vocabulary/Nineteenth.ogg'),(1369,399,'/public/audio/1.03_Talk_about_dates_and_tell_time/phrases/1.03%20What%20day%20is%20today.mp3'),(1435,399,'/public/audio/1.03_Talk_about_dates_and_tell_time/phrases/1.03%20What%20day%20is%20today.ogg'),(1370,400,'/public/audio/1.03_Talk_about_dates_and_tell_time/phrases/1.03%20Today%20is%20Tuesday.mp3'),(1436,400,'/public/audio/1.03_Talk_about_dates_and_tell_time/phrases/1.03%20Today%20is%20Tuesday.ogg'),(1371,401,'/public/audio/1.03_Talk_about_dates_and_tell_time/phrases/1.03%20When%20is%20the%20game.mp3'),(1437,401,'/public/audio/1.03_Talk_about_dates_and_tell_time/phrases/1.03%20When%20is%20the%20game.ogg'),(1372,402,'/public/audio/1.03_Talk_about_dates_and_tell_time/phrases/1.03%20The%20game%20is%20in%20the%20morning.mp3'),(1438,402,'/public/audio/1.03_Talk_about_dates_and_tell_time/phrases/1.03%20The%20game%20is%20in%20the%20morning.ogg'),(1373,403,'/public/audio/1.03_Talk_about_dates_and_tell_time/phrases/1.03%20When%20is%20your%20birthday.mp3'),(1439,403,'/public/audio/1.03_Talk_about_dates_and_tell_time/phrases/1.03%20When%20is%20your%20birthday.ogg'),(1374,404,'/public/audio/1.03_Talk_about_dates_and_tell_time/phrases/1.03%20My%20birthday%20is%20in%20April.mp3'),(1440,404,'/public/audio/1.03_Talk_about_dates_and_tell_time/phrases/1.03%20My%20birthday%20is%20in%20April.ogg'),(1441,405,'/public/audio/1.04_Give_commands_and_talk_about_ability/vocabulary/1.04%20answer.mp3'),(1481,405,'/public/audio/1.04_Give_commands_and_talk_about_ability/vocabulary/1.04%20answer.ogg'),(1442,406,'/public/audio/1.04_Give_commands_and_talk_about_ability/vocabulary/1.04%20change.mp3'),(1482,406,'/public/audio/1.04_Give_commands_and_talk_about_ability/vocabulary/1.04%20change.ogg'),(1443,407,'/public/audio/1.04_Give_commands_and_talk_about_ability/vocabulary/1.04%20listen.mp3'),(1483,407,'/public/audio/1.04_Give_commands_and_talk_about_ability/vocabulary/1.04%20listen.ogg'),(1444,408,'/public/audio/1.04_Give_commands_and_talk_about_ability/vocabulary/1.04%20make.mp3'),(1484,408,'/public/audio/1.04_Give_commands_and_talk_about_ability/vocabulary/1.04%20make.ogg'),(1445,409,'/public/audio/1.04_Give_commands_and_talk_about_ability/vocabulary/1.04%20read.mp3'),(1485,409,'/public/audio/1.04_Give_commands_and_talk_about_ability/vocabulary/1.04%20read.ogg'),(1446,410,'/public/audio/1.04_Give_commands_and_talk_about_ability/vocabulary/1.04%20repeat.mp3'),(1486,410,'/public/audio/1.04_Give_commands_and_talk_about_ability/vocabulary/1.04%20repeat.ogg'),(1447,411,'/public/audio/1.04_Give_commands_and_talk_about_ability/vocabulary/1.04%20speak.mp3'),(1487,411,'/public/audio/1.04_Give_commands_and_talk_about_ability/vocabulary/1.04%20speak.ogg'),(1448,412,'/public/audio/1.04_Give_commands_and_talk_about_ability/vocabulary/1.04%20study.mp3'),(1488,412,'/public/audio/1.04_Give_commands_and_talk_about_ability/vocabulary/1.04%20study.ogg'),(1449,413,'/public/audio/1.04_Give_commands_and_talk_about_ability/vocabulary/1.04%20watch.mp3'),(1489,413,'/public/audio/1.04_Give_commands_and_talk_about_ability/vocabulary/1.04%20watch.ogg'),(1450,414,'/public/audio/1.04_Give_commands_and_talk_about_ability/vocabulary/1.04%20write.mp3'),(1490,414,'/public/audio/1.04_Give_commands_and_talk_about_ability/vocabulary/1.04%20write.ogg'),(1451,415,'/public/audio/1.04_Give_commands_and_talk_about_ability/vocabulary/1.04%20bring.mp3'),(1491,415,'/public/audio/1.04_Give_commands_and_talk_about_ability/vocabulary/1.04%20bring.ogg'),(1452,416,'/public/audio/1.04_Give_commands_and_talk_about_ability/vocabulary/1.04%20circle.mp3'),(1492,416,'/public/audio/1.04_Give_commands_and_talk_about_ability/vocabulary/1.04%20circle.ogg'),(1453,417,'/public/audio/1.04_Give_commands_and_talk_about_ability/vocabulary/1.04%20close.mp3'),(1493,417,'/public/audio/1.04_Give_commands_and_talk_about_ability/vocabulary/1.04%20close.ogg'),(1454,418,'/public/audio/1.04_Give_commands_and_talk_about_ability/vocabulary/1.04%20connect.mp3'),(1494,418,'/public/audio/1.04_Give_commands_and_talk_about_ability/vocabulary/1.04%20connect.ogg'),(1455,419,'/public/audio/1.04_Give_commands_and_talk_about_ability/vocabulary/1.04%20enter.mp3'),(1495,419,'/public/audio/1.04_Give_commands_and_talk_about_ability/vocabulary/1.04%20enter.ogg'),(1456,420,'/public/audio/1.04_Give_commands_and_talk_about_ability/vocabulary/1.04%20find.mp3'),(1496,420,'/public/audio/1.04_Give_commands_and_talk_about_ability/vocabulary/1.04%20find.ogg'),(1457,421,'/public/audio/1.04_Give_commands_and_talk_about_ability/vocabulary/1.04%20get.mp3'),(1497,421,'/public/audio/1.04_Give_commands_and_talk_about_ability/vocabulary/1.04%20get.ogg'),(1458,422,'/public/audio/1.04_Give_commands_and_talk_about_ability/vocabulary/1.04%20give.mp3'),(1498,422,'/public/audio/1.04_Give_commands_and_talk_about_ability/vocabulary/1.04%20give.ogg'),(1459,423,'/public/audio/1.04_Give_commands_and_talk_about_ability/vocabulary/1.04%20go.mp3'),(1499,423,'/public/audio/1.04_Give_commands_and_talk_about_ability/vocabulary/1.04%20go.ogg'),(1460,424,'/public/audio/1.04_Give_commands_and_talk_about_ability/vocabulary/1.04%20lift.mp3'),(1500,424,'/public/audio/1.04_Give_commands_and_talk_about_ability/vocabulary/1.04%20lift.ogg'),(1461,425,'/public/audio/1.04_Give_commands_and_talk_about_ability/vocabulary/1.04%20move.mp3'),(1501,425,'/public/audio/1.04_Give_commands_and_talk_about_ability/vocabulary/1.04%20move.ogg'),(1462,426,'/public/audio/1.04_Give_commands_and_talk_about_ability/vocabulary/1.04%20open.mp3'),(1502,426,'/public/audio/1.04_Give_commands_and_talk_about_ability/vocabulary/1.04%20open.ogg'),(1463,427,'/public/audio/1.04_Give_commands_and_talk_about_ability/vocabulary/1.04%20put.mp3'),(1503,427,'/public/audio/1.04_Give_commands_and_talk_about_ability/vocabulary/1.04%20put.ogg'),(1464,428,'/public/audio/1.04_Give_commands_and_talk_about_ability/vocabulary/1.04%20sit%20down.mp3'),(1504,428,'/public/audio/1.04_Give_commands_and_talk_about_ability/vocabulary/1.04%20sit%20down.ogg'),(1465,429,'/public/audio/1.04_Give_commands_and_talk_about_ability/vocabulary/1.04%20stand%20up.mp3'),(1505,429,'/public/audio/1.04_Give_commands_and_talk_about_ability/vocabulary/1.04%20stand%20up.ogg'),(1466,430,'/public/audio/1.04_Give_commands_and_talk_about_ability/vocabulary/1.04%20take.mp3'),(1506,430,'/public/audio/1.04_Give_commands_and_talk_about_ability/vocabulary/1.04%20take.ogg'),(1467,431,'/public/audio/1.04_Give_commands_and_talk_about_ability/vocabulary/1.04%20turn.mp3'),(1507,431,'/public/audio/1.04_Give_commands_and_talk_about_ability/vocabulary/1.04%20turn.ogg'),(1468,432,'/public/audio/1.04_Give_commands_and_talk_about_ability/vocabulary/1.04%20turnaround.mp3'),(1508,432,'/public/audio/1.04_Give_commands_and_talk_about_ability/vocabulary/1.04%20turnaround.ogg'),(1469,433,'/public/audio/1.04_Give_commands_and_talk_about_ability/vocabulary/1.04%20begin.mp3'),(1509,433,'/public/audio/1.04_Give_commands_and_talk_about_ability/vocabulary/1.04%20begin.ogg'),(1470,434,'/public/audio/1.04_Give_commands_and_talk_about_ability/vocabulary/1.04%20end.mp3'),(1510,434,'/public/audio/1.04_Give_commands_and_talk_about_ability/vocabulary/1.04%20end.ogg'),(1471,435,'/public/audio/1.04_Give_commands_and_talk_about_ability/vocabulary/1.04%20start.mp3'),(1511,435,'/public/audio/1.04_Give_commands_and_talk_about_ability/vocabulary/1.04%20start.ogg'),(1472,436,'/public/audio/1.04_Give_commands_and_talk_about_ability/vocabulary/1.04%20stop.mp3'),(1512,436,'/public/audio/1.04_Give_commands_and_talk_about_ability/vocabulary/1.04%20stop.ogg'),(1473,437,'/public/audio/1.04_Give_commands_and_talk_about_ability/vocabulary/1.04%20continue.mp3'),(1513,437,'/public/audio/1.04_Give_commands_and_talk_about_ability/vocabulary/1.04%20continue.ogg'),(1474,438,'/public/audio/1.04_Give_commands_and_talk_about_ability/vocabulary/1.04%20finish.mp3'),(1514,438,'/public/audio/1.04_Give_commands_and_talk_about_ability/vocabulary/1.04%20finish.ogg'),(1475,439,'/public/audio/1.04_Give_commands_and_talk_about_ability/phrases/1.04%20John%20answer%20the%20question.mp3'),(1515,439,'/public/audio/1.04_Give_commands_and_talk_about_ability/phrases/1.04%20John%20answer%20the%20question.ogg'),(1476,440,'/public/audio/1.04_Give_commands_and_talk_about_ability/phrases/1.04%20Open%20your%20book.mp3'),(1516,440,'/public/audio/1.04_Give_commands_and_talk_about_ability/phrases/1.04%20Open%20your%20book.ogg'),(1477,441,'/public/audio/1.04_Give_commands_and_talk_about_ability/phrases/1.04%20Please%20give%20me%20your%20homework.mp3'),(1517,441,'/public/audio/1.04_Give_commands_and_talk_about_ability/phrases/1.04%20Please%20give%20me%20your%20homework.ogg'),(1478,442,'/public/audio/1.04_Give_commands_and_talk_about_ability/phrases/1.04%20Raise%20your%20hand.mp3'),(1518,442,'/public/audio/1.04_Give_commands_and_talk_about_ability/phrases/1.04%20Raise%20your%20hand.ogg'),(1479,443,'/public/audio/1.04_Give_commands_and_talk_about_ability/phrases/1.04%20Stop%20now.mp3'),(1519,443,'/public/audio/1.04_Give_commands_and_talk_about_ability/phrases/1.04%20Stop%20now.ogg'),(1480,444,'/public/audio/1.04_Give_commands_and_talk_about_ability/phrases/1.04%20Thomas%20close%20the%20door.mp3'),(1520,444,'/public/audio/1.04_Give_commands_and_talk_about_ability/phrases/1.04%20Thomas%20close%20the%20door.ogg'),(1521,445,'/public/audio/1.05_Greet_someone_new/vocabulary/name.mp3'),(1522,445,'/public/audio/1.05_Greet_someone_new/vocabulary/name.ogg'),(1523,446,'/public/audio/1.05_Greet_someone_new/vocabulary/first%20name.mp3'),(1524,446,'/public/audio/1.05_Greet_someone_new/vocabulary/first%20name.ogg'),(1525,447,'/public/audio/1.05_Greet_someone_new/vocabulary/last%20name.mp3'),(1526,447,'/public/audio/1.05_Greet_someone_new/vocabulary/last%20name.ogg'),(1527,448,'/public/audio/1.05_Greet_someone_new/vocabulary/what.mp3'),(1528,448,'/public/audio/1.05_Greet_someone_new/vocabulary/what.ogg'),(1529,449,'/public/audio/1.05_Greet_someone_new/vocabulary/how.mp3'),(1530,449,'/public/audio/1.05_Greet_someone_new/vocabulary/how.ogg'),(1531,450,'/public/audio/1.05_Greet_someone_new/vocabulary/fine.mp3'),(1532,450,'/public/audio/1.05_Greet_someone_new/vocabulary/fine.ogg'),(1533,451,'/public/audio/1.05_Greet_someone_new/vocabulary/good.mp3'),(1534,451,'/public/audio/1.05_Greet_someone_new/vocabulary/good.ogg'),(1535,452,'/public/audio/1.05_Greet_someone_new/vocabulary/okay.mp3'),(1536,452,'/public/audio/1.05_Greet_someone_new/vocabulary/okay.ogg'),(1537,453,'/public/audio/1.05_Greet_someone_new/vocabulary/I.mp3'),(1538,453,'/public/audio/1.05_Greet_someone_new/vocabulary/I.ogg'),(1539,454,'/public/audio/1.05_Greet_someone_new/vocabulary/you.mp3'),(1540,454,'/public/audio/1.05_Greet_someone_new/vocabulary/you.ogg'),(1541,455,'/public/audio/1.05_Greet_someone_new/vocabulary/you.mp3'),(1542,455,'/public/audio/1.05_Greet_someone_new/vocabulary/you.ogg'),(1543,456,'/public/audio/1.05_Greet_someone_new/vocabulary/he.mp3'),(1544,456,'/public/audio/1.05_Greet_someone_new/vocabulary/he.ogg'),(1545,457,'/public/audio/1.05_Greet_someone_new/vocabulary/she.mp3'),(1546,457,'/public/audio/1.05_Greet_someone_new/vocabulary/she.ogg'),(1547,458,'/public/audio/1.05_Greet_someone_new/vocabulary/it.mp3'),(1548,458,'/public/audio/1.05_Greet_someone_new/vocabulary/it.ogg'),(1549,459,'/public/audio/1.05_Greet_someone_new/vocabulary/they.mp3'),(1550,459,'/public/audio/1.05_Greet_someone_new/vocabulary/they.ogg'),(1551,460,'/public/audio/1.05_Greet_someone_new/vocabulary/we.mp3'),(1552,460,'/public/audio/1.05_Greet_someone_new/vocabulary/we.ogg'),(1553,461,'/public/audio/1.05_Greet_someone_new/vocabulary/hello.mp3'),(1554,461,'/public/audio/1.05_Greet_someone_new/vocabulary/hello.ogg'),(1555,462,'/public/audio/1.05_Greet_someone_new/vocabulary/hey.mp3'),(1556,462,'/public/audio/1.05_Greet_someone_new/vocabulary/hey.ogg'),(1557,463,'/public/audio/1.05_Greet_someone_new/vocabulary/hi.mp3'),(1558,463,'/public/audio/1.05_Greet_someone_new/vocabulary/hi.ogg'),(1559,464,'/public/audio/1.05_Greet_someone_new/phrases/1.05%20What%20is%20your%20name.mp3'),(1560,464,'/public/audio/1.05_Greet_someone_new/phrases/1.05%20What%20is%20your%20name.ogg'),(1561,465,'/public/audio/1.05_Greet_someone_new/phrases/1.05%20Whats%20your%20name.mp3'),(1562,465,'/public/audio/1.05_Greet_someone_new/phrases/1.05%20Whats%20your%20name.ogg'),(1563,466,'/public/audio/1.05_Greet_someone_new/phrases/1.05%20My%20name%20is.mp3'),(1564,466,'/public/audio/1.05_Greet_someone_new/phrases/1.05%20My%20name%20is.ogg'),(1565,467,'/public/audio/1.05_Greet_someone_new/phrases/1.05%20Im.mp3'),(1566,467,'/public/audio/1.05_Greet_someone_new/phrases/1.05%20Im.ogg'),(1567,468,'/public/audio/1.05_Greet_someone_new/phrases/1.05%20How%20are%20you.mp3'),(1568,468,'/public/audio/1.05_Greet_someone_new/phrases/1.05%20How%20are%20you.ogg'),(1569,469,'/public/audio/1.05_Greet_someone_new/phrases/1.05%20How%20are%20you%20doing%20today.mp3'),(1570,469,'/public/audio/1.05_Greet_someone_new/phrases/1.05%20How%20are%20you%20doing%20today.ogg'),(1571,470,'/public/audio/1.05_Greet_someone_new/phrases/1.05%20Hows%20it%20going.mp3'),(1572,470,'/public/audio/1.05_Greet_someone_new/phrases/1.05%20Hows%20it%20going.ogg'),(1573,471,'/public/audio/1.05_Greet_someone_new/phrases/1.05%20I%20am%20fine.mp3'),(1574,471,'/public/audio/1.05_Greet_someone_new/phrases/1.05%20I%20am%20fine.ogg'),(1575,472,'/public/audio/1.05_Greet_someone_new/phrases/1.05%20Im%20fine%20thank%20you.mp3'),(1576,472,'/public/audio/1.05_Greet_someone_new/phrases/1.05%20Im%20fine%20thank%20you.ogg'),(1577,473,'/public/audio/1.05_Greet_someone_new/phrases/1.05%20Im%20good.mp3'),(1578,473,'/public/audio/1.05_Greet_someone_new/phrases/1.05%20Im%20good.ogg'),(1579,474,'/public/audio/1.05_Greet_someone_new/phrases/1.05%20Could%20you%20repeat%20your%20name%20please.mp3'),(1580,474,'/public/audio/1.05_Greet_someone_new/phrases/1.05%20Could%20you%20repeat%20your%20name%20please.ogg'),(1581,475,'/public/audio/1.05_Greet_someone_new/phrases/1.05%20What%20did%20you%20say%20your%20name%20was.mp3'),(1582,475,'/public/audio/1.05_Greet_someone_new/phrases/1.05%20What%20did%20you%20say%20your%20name%20was.ogg'),(1583,476,'/public/audio/1.05_Greet_someone_new/phrases/1.05%20What%20was%20your%20name.mp3'),(1584,476,'/public/audio/1.05_Greet_someone_new/phrases/1.05%20What%20was%20your%20name.ogg'),(1585,477,'/public/audio/1.06_Introductions/vocabulary/that.mp3'),(1669,477,'/public/audio/1.06_Introductions/vocabulary/that.ogg'),(1586,478,'/public/audio/1.06_Introductions/vocabulary/those.mp3'),(1670,478,'/public/audio/1.06_Introductions/vocabulary/those.ogg'),(1587,479,'/public/audio/1.06_Introductions/vocabulary/this.mp3'),(1671,479,'/public/audio/1.06_Introductions/vocabulary/this.ogg'),(1588,480,'/public/audio/1.06_Introductions/vocabulary/these.mp3'),(1672,480,'/public/audio/1.06_Introductions/vocabulary/these.ogg'),(1589,481,'/public/audio/1.06_Introductions/vocabulary/1.06%20brother.mp3'),(1673,481,'/public/audio/1.06_Introductions/vocabulary/1.06%20brother.ogg'),(1590,482,'/public/audio/1.06_Introductions/vocabulary/1.06%20coworker.mp3'),(1674,482,'/public/audio/1.06_Introductions/vocabulary/1.06%20coworker.ogg'),(1591,483,'/public/audio/1.06_Introductions/vocabulary/1.06%20dad.mp3'),(1675,483,'/public/audio/1.06_Introductions/vocabulary/1.06%20dad.ogg'),(1592,484,'/public/audio/1.06_Introductions/vocabulary/1.06%20daughter.mp3'),(1676,484,'/public/audio/1.06_Introductions/vocabulary/1.06%20daughter.ogg'),(1593,485,'/public/audio/1.06_Introductions/vocabulary/1.06%20friend.mp3'),(1677,485,'/public/audio/1.06_Introductions/vocabulary/1.06%20friend.ogg'),(1594,486,'/public/audio/1.06_Introductions/vocabulary/1.06%20husband.mp3'),(1678,486,'/public/audio/1.06_Introductions/vocabulary/1.06%20husband.ogg'),(1595,487,'/public/audio/1.06_Introductions/vocabulary/1.06%20mom.mp3'),(1679,487,'/public/audio/1.06_Introductions/vocabulary/1.06%20mom.ogg'),(1596,488,'/public/audio/1.06_Introductions/vocabulary/1.06%20neighbor.mp3'),(1680,488,'/public/audio/1.06_Introductions/vocabulary/1.06%20neighbor.ogg'),(1597,489,'/public/audio/1.06_Introductions/vocabulary/1.06%20roommate.mp3'),(1681,489,'/public/audio/1.06_Introductions/vocabulary/1.06%20roommate.ogg'),(1598,490,'/public/audio/1.06_Introductions/vocabulary/1.06%20sister.mp3'),(1682,490,'/public/audio/1.06_Introductions/vocabulary/1.06%20sister.ogg'),(1599,491,'/public/audio/1.06_Introductions/vocabulary/1.06%20son.mp3'),(1683,491,'/public/audio/1.06_Introductions/vocabulary/1.06%20son.ogg'),(1600,492,'/public/audio/1.06_Introductions/vocabulary/1.06%20wife.mp3'),(1684,492,'/public/audio/1.06_Introductions/vocabulary/1.06%20wife.ogg'),(1601,493,'/public/audio/1.06_Introductions/vocabulary/1.06%20business.mp3'),(1685,493,'/public/audio/1.06_Introductions/vocabulary/1.06%20business.ogg'),(1602,494,'/public/audio/1.06_Introductions/vocabulary/1.06%20computer%20science.mp3'),(1686,494,'/public/audio/1.06_Introductions/vocabulary/1.06%20computer%20science.ogg'),(1603,495,'/public/audio/1.06_Introductions/vocabulary/1.06%20English.mp3'),(1687,495,'/public/audio/1.06_Introductions/vocabulary/1.06%20English.ogg'),(1604,496,'/public/audio/1.06_Introductions/vocabulary/1.06%20history.mp3'),(1688,496,'/public/audio/1.06_Introductions/vocabulary/1.06%20history.ogg'),(1605,497,'/public/audio/1.06_Introductions/vocabulary/1.06%20law.mp3'),(1689,497,'/public/audio/1.06_Introductions/vocabulary/1.06%20law.ogg'),(1606,498,'/public/audio/1.06_Introductions/vocabulary/1.06%20medicine.mp3'),(1690,498,'/public/audio/1.06_Introductions/vocabulary/1.06%20medicine.ogg'),(1607,499,'/public/audio/1.06_Introductions/vocabulary/1.06%20music.mp3'),(1691,499,'/public/audio/1.06_Introductions/vocabulary/1.06%20music.ogg'),(1608,500,'/public/audio/1.06_Introductions/vocabulary/1.06%20political%20science.mp3'),(1692,500,'/public/audio/1.06_Introductions/vocabulary/1.06%20political%20science.ogg'),(1609,501,'/public/audio/1.06_Introductions/vocabulary/1.06%20social%20work.mp3'),(1693,501,'/public/audio/1.06_Introductions/vocabulary/1.06%20social%20work.ogg'),(1610,502,'/public/audio/1.06_Introductions/vocabulary/1.06%20travel%20and%20tourism.mp3'),(1694,502,'/public/audio/1.06_Introductions/vocabulary/1.06%20travel%20and%20tourism.ogg'),(1611,503,'/public/audio/1.06_Introductions/vocabulary/1.06%20accountant.mp3'),(1695,503,'/public/audio/1.06_Introductions/vocabulary/1.06%20accountant.ogg'),(1612,504,'/public/audio/1.06_Introductions/vocabulary/1.06%20artist.mp3'),(1696,504,'/public/audio/1.06_Introductions/vocabulary/1.06%20artist.ogg'),(1613,505,'/public/audio/1.06_Introductions/vocabulary/1.06%20banker.mp3'),(1697,505,'/public/audio/1.06_Introductions/vocabulary/1.06%20banker.ogg'),(1614,506,'/public/audio/1.06_Introductions/vocabulary/1.06%20barber.mp3'),(1698,506,'/public/audio/1.06_Introductions/vocabulary/1.06%20barber.ogg'),(1615,507,'/public/audio/1.06_Introductions/vocabulary/1.06%20carpenter.mp3'),(1699,507,'/public/audio/1.06_Introductions/vocabulary/1.06%20carpenter.ogg'),(1616,508,'/public/audio/1.06_Introductions/vocabulary/1.06%20construction%20worker.mp3'),(1700,508,'/public/audio/1.06_Introductions/vocabulary/1.06%20construction%20worker.ogg'),(1617,509,'/public/audio/1.06_Introductions/vocabulary/1.06%20cook.mp3'),(1701,509,'/public/audio/1.06_Introductions/vocabulary/1.06%20cook.ogg'),(1618,510,'/public/audio/1.06_Introductions/vocabulary/1.06%20dentist.mp3'),(1702,510,'/public/audio/1.06_Introductions/vocabulary/1.06%20dentist.ogg'),(1619,511,'/public/audio/1.06_Introductions/vocabulary/1.06%20doctor.mp3'),(1703,511,'/public/audio/1.06_Introductions/vocabulary/1.06%20doctor.ogg'),(1620,512,'/public/audio/1.06_Introductions/vocabulary/1.06%20engineer.mp3'),(1704,512,'/public/audio/1.06_Introductions/vocabulary/1.06%20engineer.ogg'),(1621,513,'/public/audio/1.06_Introductions/vocabulary/1.06%20farmer.mp3'),(1705,513,'/public/audio/1.06_Introductions/vocabulary/1.06%20farmer.ogg'),(1622,514,'/public/audio/1.06_Introductions/vocabulary/1.06%20hairdresser.mp3'),(1706,514,'/public/audio/1.06_Introductions/vocabulary/1.06%20hairdresser.ogg'),(1623,515,'/public/audio/1.06_Introductions/vocabulary/1.06%20journalist.mp3'),(1707,515,'/public/audio/1.06_Introductions/vocabulary/1.06%20journalist.ogg'),(1624,516,'/public/audio/1.06_Introductions/vocabulary/1.06%20landlord.mp3'),(1708,516,'/public/audio/1.06_Introductions/vocabulary/1.06%20landlord.ogg'),(1625,517,'/public/audio/1.06_Introductions/vocabulary/1.06%20lawyer.mp3'),(1709,517,'/public/audio/1.06_Introductions/vocabulary/1.06%20lawyer.ogg'),(1626,518,'/public/audio/1.06_Introductions/vocabulary/1.06%20mailman.mp3'),(1710,518,'/public/audio/1.06_Introductions/vocabulary/1.06%20mailman.ogg'),(1627,519,'/public/audio/1.06_Introductions/vocabulary/1.06%20manager.mp3'),(1711,519,'/public/audio/1.06_Introductions/vocabulary/1.06%20manager.ogg'),(1628,520,'/public/audio/1.06_Introductions/vocabulary/1.06%20mechanic.mp3'),(1712,520,'/public/audio/1.06_Introductions/vocabulary/1.06%20mechanic.ogg'),(1629,521,'/public/audio/1.06_Introductions/vocabulary/1.06%20nurse.mp3'),(1713,521,'/public/audio/1.06_Introductions/vocabulary/1.06%20nurse.ogg'),(1630,522,'/public/audio/1.06_Introductions/vocabulary/1.06%20police%20officer.mp3'),(1714,522,'/public/audio/1.06_Introductions/vocabulary/1.06%20police%20officer.ogg'),(1631,523,'/public/audio/1.06_Introductions/vocabulary/1.06%20programmer.mp3'),(1715,523,'/public/audio/1.06_Introductions/vocabulary/1.06%20programmer.ogg'),(1632,524,'/public/audio/1.06_Introductions/vocabulary/1.06%20seamstress.mp3'),(1716,524,'/public/audio/1.06_Introductions/vocabulary/1.06%20seamstress.ogg'),(1633,525,'/public/audio/1.06_Introductions/vocabulary/1.06%20secretary.mp3'),(1717,525,'/public/audio/1.06_Introductions/vocabulary/1.06%20secretary.ogg'),(1634,526,'/public/audio/1.06_Introductions/vocabulary/1.06%20student.mp3'),(1718,526,'/public/audio/1.06_Introductions/vocabulary/1.06%20student.ogg'),(1635,527,'/public/audio/1.06_Introductions/vocabulary/1.06%20supervisor.mp3'),(1719,527,'/public/audio/1.06_Introductions/vocabulary/1.06%20supervisor.ogg'),(1636,528,'/public/audio/1.06_Introductions/vocabulary/1.06%20teacher.mp3'),(1720,528,'/public/audio/1.06_Introductions/vocabulary/1.06%20teacher.ogg'),(1637,529,'/public/audio/1.06_Introductions/vocabulary/1.06%20travel%20agent.mp3'),(1721,529,'/public/audio/1.06_Introductions/vocabulary/1.06%20travel%20agent.ogg'),(1638,530,'/public/audio/1.06_Introductions/vocabulary/1.06%20waiter.mp3'),(1722,530,'/public/audio/1.06_Introductions/vocabulary/1.06%20waiter.ogg'),(1639,531,'/public/audio/1.06_Introductions/vocabulary/1.06%20waitress.mp3'),(1723,531,'/public/audio/1.06_Introductions/vocabulary/1.06%20waitress.ogg'),(1640,532,'/public/audio/1.06_Introductions/vocabulary/1.06%20writer.mp3'),(1724,532,'/public/audio/1.06_Introductions/vocabulary/1.06%20writer.ogg'),(1641,533,'/public/audio/1.06_Introductions/vocabulary/1.06%20bank.mp3'),(1725,533,'/public/audio/1.06_Introductions/vocabulary/1.06%20bank.ogg'),(1642,534,'/public/audio/1.06_Introductions/vocabulary/1.06%20clinic.mp3'),(1726,534,'/public/audio/1.06_Introductions/vocabulary/1.06%20clinic.ogg'),(1643,535,'/public/audio/1.06_Introductions/vocabulary/1.06%20factory.mp3'),(1727,535,'/public/audio/1.06_Introductions/vocabulary/1.06%20factory.ogg'),(1644,536,'/public/audio/1.06_Introductions/vocabulary/1.06%20farm.mp3'),(1728,536,'/public/audio/1.06_Introductions/vocabulary/1.06%20farm.ogg'),(1645,537,'/public/audio/1.06_Introductions/vocabulary/1.06%20hospital.mp3'),(1729,537,'/public/audio/1.06_Introductions/vocabulary/1.06%20hospital.ogg'),(1646,538,'/public/audio/1.06_Introductions/vocabulary/1.06%20hotel.mp3'),(1730,538,'/public/audio/1.06_Introductions/vocabulary/1.06%20hotel.ogg'),(1647,539,'/public/audio/1.06_Introductions/vocabulary/1.06%20library.mp3'),(1731,539,'/public/audio/1.06_Introductions/vocabulary/1.06%20library.ogg'),(1648,540,'/public/audio/1.06_Introductions/vocabulary/1.06%20office.mp3'),(1732,540,'/public/audio/1.06_Introductions/vocabulary/1.06%20office.ogg'),(1649,541,'/public/audio/1.06_Introductions/vocabulary/1.06%20police%20station.mp3'),(1733,541,'/public/audio/1.06_Introductions/vocabulary/1.06%20police%20station.ogg'),(1650,542,'/public/audio/1.06_Introductions/vocabulary/1.06%20post%20office.mp3'),(1734,542,'/public/audio/1.06_Introductions/vocabulary/1.06%20post%20office.ogg'),(1651,543,'/public/audio/1.06_Introductions/vocabulary/1.06%20restaurant.mp3'),(1735,543,'/public/audio/1.06_Introductions/vocabulary/1.06%20restaurant.ogg'),(1652,544,'/public/audio/1.06_Introductions/vocabulary/1.06%20school.mp3'),(1736,544,'/public/audio/1.06_Introductions/vocabulary/1.06%20school.ogg'),(1653,545,'/public/audio/1.06_Introductions/vocabulary/1.06%20store.mp3'),(1737,545,'/public/audio/1.06_Introductions/vocabulary/1.06%20store.ogg'),(1654,546,'/public/audio/1.06_Introductions/vocabulary/1.06%20supermarket.mp3'),(1738,546,'/public/audio/1.06_Introductions/vocabulary/1.06%20supermarket.ogg'),(1655,547,'/public/audio/1.06_Introductions/phrases/1.06%20Good%20morning.mp3'),(1739,547,'/public/audio/1.06_Introductions/phrases/1.06%20Good%20morning.ogg'),(1656,548,'/public/audio/1.06_Introductions/phrases/1.06%20Good%20afternoon.mp3'),(1740,548,'/public/audio/1.06_Introductions/phrases/1.06%20Good%20afternoon.ogg'),(1657,549,'/public/audio/1.06_Introductions/phrases/1.06%20Good%20evening.mp3'),(1741,549,'/public/audio/1.06_Introductions/phrases/1.06%20Good%20evening.ogg'),(1658,550,'/public/audio/1.06_Introductions/phrases/1.06%20Good%20night.mp3'),(1742,550,'/public/audio/1.06_Introductions/phrases/1.06%20Good%20night.ogg'),(1659,551,'/public/audio/1.06_Introductions/phrases/1.06%20Id%20like%20you%20to%20meet%20my%20friend.mp3'),(1743,551,'/public/audio/1.06_Introductions/phrases/1.06%20Id%20like%20you%20to%20meet%20my%20friend.ogg'),(1660,552,'/public/audio/1.06_Introductions/phrases/1.06%20Let%20me%20introduce%20you%20to%20my%20brother.mp3'),(1744,552,'/public/audio/1.06_Introductions/phrases/1.06%20Let%20me%20introduce%20you%20to%20my%20brother.ogg'),(1661,553,'/public/audio/1.06_Introductions/phrases/1.06%20This%20is%20my%20coworker.mp3'),(1745,553,'/public/audio/1.06_Introductions/phrases/1.06%20This%20is%20my%20coworker.ogg'),(1662,554,'/public/audio/1.06_Introductions/phrases/1.06%20What%20does%20he%20do%20for%20a%20living.mp3'),(1746,554,'/public/audio/1.06_Introductions/phrases/1.06%20What%20does%20he%20do%20for%20a%20living.ogg'),(1663,555,'/public/audio/1.06_Introductions/phrases/1.06%20He%20is%20a%20mechanic.mp3'),(1747,555,'/public/audio/1.06_Introductions/phrases/1.06%20He%20is%20a%20mechanic.ogg'),(1664,556,'/public/audio/1.06_Introductions/phrases/1.06%20They%20are%20secretaries.mp3'),(1748,556,'/public/audio/1.06_Introductions/phrases/1.06%20They%20are%20secretaries.ogg'),(1665,557,'/public/audio/1.06_Introductions/phrases/1.06%20Shes%20studying%20law.mp3'),(1749,557,'/public/audio/1.06_Introductions/phrases/1.06%20Shes%20studying%20law.ogg'),(1666,558,'/public/audio/1.06_Introductions/phrases/1.06%20Where%20do%20you%20work.mp3'),(1750,558,'/public/audio/1.06_Introductions/phrases/1.06%20Where%20do%20you%20work.ogg'),(1667,559,'/public/audio/1.06_Introductions/phrases/1.06%20He%20works%20at%20the%20restaurant.mp3'),(1751,559,'/public/audio/1.06_Introductions/phrases/1.06%20He%20works%20at%20the%20restaurant.ogg'),(1668,560,'/public/audio/1.06_Introductions/phrases/1.06%20He%20works%20in%20an%20office.mp3'),(1752,560,'/public/audio/1.06_Introductions/phrases/1.06%20He%20works%20in%20an%20office.ogg'),(1753,561,'/public/audio/1.07_Having_a_conversation/vocabulary/1.07%20manage.mp3'),(1798,561,'/public/audio/1.07_Having_a_conversation/vocabulary/1.07%20manage.ogg'),(1754,562,'/public/audio/1.07_Having_a_conversation/vocabulary/1.07%20cook.mp3'),(1799,562,'/public/audio/1.07_Having_a_conversation/vocabulary/1.07%20cook.ogg'),(1755,563,'/public/audio/1.07_Having_a_conversation/vocabulary/1.07%20run.mp3'),(1800,563,'/public/audio/1.07_Having_a_conversation/vocabulary/1.07%20run.ogg'),(1756,564,'/public/audio/1.07_Having_a_conversation/vocabulary/1.07%20exercise.mp3'),(1801,564,'/public/audio/1.07_Having_a_conversation/vocabulary/1.07%20exercise.ogg'),(1757,565,'/public/audio/1.07_Having_a_conversation/vocabulary/1.07%20teach.mp3'),(1802,565,'/public/audio/1.07_Having_a_conversation/vocabulary/1.07%20teach.ogg'),(1758,566,'/public/audio/1.07_Having_a_conversation/vocabulary/1.07%20write.mp3'),(1803,566,'/public/audio/1.07_Having_a_conversation/vocabulary/1.07%20write.ogg'),(1759,567,'/public/audio/1.07_Having_a_conversation/vocabulary/1.07%20study.mp3'),(1804,567,'/public/audio/1.07_Having_a_conversation/vocabulary/1.07%20study.ogg'),(1760,568,'/public/audio/1.07_Having_a_conversation/vocabulary/1.07%20play.mp3'),(1805,568,'/public/audio/1.07_Having_a_conversation/vocabulary/1.07%20play.ogg'),(1761,569,'/public/audio/1.07_Having_a_conversation/vocabulary/1.07%20read.mp3'),(1806,569,'/public/audio/1.07_Having_a_conversation/vocabulary/1.07%20read.ogg'),(1762,570,'/public/audio/1.07_Having_a_conversation/vocabulary/1.07%20clean.mp3'),(1807,570,'/public/audio/1.07_Having_a_conversation/vocabulary/1.07%20clean.ogg'),(1763,571,'/public/audio/1.07_Having_a_conversation/vocabulary/1.07%20supervise.mp3'),(1808,571,'/public/audio/1.07_Having_a_conversation/vocabulary/1.07%20supervise.ogg'),(1764,572,'/public/audio/1.07_Having_a_conversation/vocabulary/1.07%20work.mp3'),(1809,572,'/public/audio/1.07_Having_a_conversation/vocabulary/1.07%20work.ogg'),(1765,573,'/public/audio/1.07_Having_a_conversation/vocabulary/1.07%20cold.mp3'),(1810,573,'/public/audio/1.07_Having_a_conversation/vocabulary/1.07%20cold.ogg'),(1766,574,'/public/audio/1.07_Having_a_conversation/vocabulary/1.07%20cough.mp3'),(1811,574,'/public/audio/1.07_Having_a_conversation/vocabulary/1.07%20cough.ogg'),(1767,575,'/public/audio/1.07_Having_a_conversation/vocabulary/1.07%20dizzy.mp3'),(1812,575,'/public/audio/1.07_Having_a_conversation/vocabulary/1.07%20dizzy.ogg'),(1768,576,'/public/audio/1.07_Having_a_conversation/vocabulary/1.07%20fever.mp3'),(1813,576,'/public/audio/1.07_Having_a_conversation/vocabulary/1.07%20fever.ogg'),(1769,577,'/public/audio/1.07_Having_a_conversation/vocabulary/1.07%20headache.mp3'),(1814,577,'/public/audio/1.07_Having_a_conversation/vocabulary/1.07%20headache.ogg'),(1770,578,'/public/audio/1.07_Having_a_conversation/vocabulary/1.07%20sick.mp3'),(1815,578,'/public/audio/1.07_Having_a_conversation/vocabulary/1.07%20sick.ogg'),(1771,579,'/public/audio/1.07_Having_a_conversation/vocabulary/1.07%20sore%20throat.mp3'),(1816,579,'/public/audio/1.07_Having_a_conversation/vocabulary/1.07%20sore%20throat.ogg'),(1772,580,'/public/audio/1.07_Having_a_conversation/vocabulary/1.07%20angry.mp3'),(1817,580,'/public/audio/1.07_Having_a_conversation/vocabulary/1.07%20angry.ogg'),(1773,581,'/public/audio/1.07_Having_a_conversation/vocabulary/1.07%20happy.mp3'),(1818,581,'/public/audio/1.07_Having_a_conversation/vocabulary/1.07%20happy.ogg'),(1774,582,'/public/audio/1.07_Having_a_conversation/vocabulary/1.07%20hungry.mp3'),(1819,582,'/public/audio/1.07_Having_a_conversation/vocabulary/1.07%20hungry.ogg'),(1775,583,'/public/audio/1.07_Having_a_conversation/vocabulary/1.07%20sad.mp3'),(1820,583,'/public/audio/1.07_Having_a_conversation/vocabulary/1.07%20sad.ogg'),(1776,584,'/public/audio/1.07_Having_a_conversation/vocabulary/1.07%20sleepy.mp3'),(1821,584,'/public/audio/1.07_Having_a_conversation/vocabulary/1.07%20sleepy.ogg'),(1777,585,'/public/audio/1.07_Having_a_conversation/vocabulary/1.07%20tired.mp3'),(1822,585,'/public/audio/1.07_Having_a_conversation/vocabulary/1.07%20tired.ogg'),(1778,586,'/public/audio/1.07_Having_a_conversation/vocabulary/1.07%20worried.mp3'),(1823,586,'/public/audio/1.07_Having_a_conversation/vocabulary/1.07%20worried.ogg'),(1779,587,'/public/audio/1.07_Having_a_conversation/phrases/1.07%20How%20are%20you%20doing%20today.mp3'),(1824,587,'/public/audio/1.07_Having_a_conversation/phrases/1.07%20How%20are%20you%20doing%20today.ogg'),(1780,588,'/public/audio/1.07_Having_a_conversation/phrases/1.07%20How%20are%20you.mp3'),(1825,588,'/public/audio/1.07_Having_a_conversation/phrases/1.07%20How%20are%20you.ogg'),(1781,589,'/public/audio/1.07_Having_a_conversation/phrases/1.07%20How%20have%20you%20been.mp3'),(1826,589,'/public/audio/1.07_Having_a_conversation/phrases/1.07%20How%20have%20you%20been.ogg'),(1782,590,'/public/audio/1.07_Having_a_conversation/phrases/1.07%20How%20is%20your%20family.mp3'),(1827,590,'/public/audio/1.07_Having_a_conversation/phrases/1.07%20How%20is%20your%20family.ogg'),(1783,591,'/public/audio/1.07_Having_a_conversation/phrases/1.07%20Hows%20your%20job.mp3'),(1828,591,'/public/audio/1.07_Having_a_conversation/phrases/1.07%20Hows%20your%20job.ogg'),(1784,592,'/public/audio/1.07_Having_a_conversation/phrases/1.07%20Im%20happy.mp3'),(1829,592,'/public/audio/1.07_Having_a_conversation/phrases/1.07%20Im%20happy.ogg'),(1785,593,'/public/audio/1.07_Having_a_conversation/phrases/1.07%20Im%20sorry%20I%20forgot%20your%20name.mp3'),(1830,593,'/public/audio/1.07_Having_a_conversation/phrases/1.07%20Im%20sorry%20I%20forgot%20your%20name.ogg'),(1786,594,'/public/audio/1.07_Having_a_conversation/phrases/1.07%20Its%20good%20to%20see%20you%20again.mp3'),(1831,594,'/public/audio/1.07_Having_a_conversation/phrases/1.07%20Its%20good%20to%20see%20you%20again.ogg'),(1787,595,'/public/audio/1.07_Having_a_conversation/phrases/1.07%20Its%20nice%20to%20see%20you%20too.mp3'),(1832,595,'/public/audio/1.07_Having_a_conversation/phrases/1.07%20Its%20nice%20to%20see%20you%20too.ogg'),(1788,596,'/public/audio/1.07_Having_a_conversation/phrases/1.07%20Keep%20in%20touch.mp3'),(1833,596,'/public/audio/1.07_Having_a_conversation/phrases/1.07%20Keep%20in%20touch.ogg'),(1789,597,'/public/audio/1.07_Having_a_conversation/phrases/1.07%20My%20family%20is%20happy.mp3'),(1834,597,'/public/audio/1.07_Having_a_conversation/phrases/1.07%20My%20family%20is%20happy.ogg'),(1790,598,'/public/audio/1.07_Having_a_conversation/phrases/1.07%20See%20you%20later.mp3'),(1835,598,'/public/audio/1.07_Having_a_conversation/phrases/1.07%20See%20you%20later.ogg'),(1791,599,'/public/audio/1.07_Having_a_conversation/phrases/1.07%20Take%20care.mp3'),(1836,599,'/public/audio/1.07_Having_a_conversation/phrases/1.07%20Take%20care.ogg'),(1792,600,'/public/audio/1.07_Having_a_conversation/phrases/1.07%20We%20all%20have%20a%20cough.mp3'),(1837,600,'/public/audio/1.07_Having_a_conversation/phrases/1.07%20We%20all%20have%20a%20cough.ogg'),(1793,601,'/public/audio/1.07_Having_a_conversation/phrases/1.07%20We%20are%20happy.mp3'),(1838,601,'/public/audio/1.07_Having_a_conversation/phrases/1.07%20We%20are%20happy.ogg'),(1794,602,'/public/audio/1.07_Having_a_conversation/phrases/1.07%20Well%20I%20have%20to%20go.mp3'),(1839,602,'/public/audio/1.07_Having_a_conversation/phrases/1.07%20Well%20I%20have%20to%20go.ogg'),(1795,603,'/public/audio/1.07_Having_a_conversation/phrases/1.07%20What%20was%20your%20name.mp3'),(1840,603,'/public/audio/1.07_Having_a_conversation/phrases/1.07%20What%20was%20your%20name.ogg'),(1796,604,'/public/audio/1.07_Having_a_conversation/phrases/1.07%20Whats%20wrong%20with%20your%20father.mp3'),(1841,604,'/public/audio/1.07_Having_a_conversation/phrases/1.07%20Whats%20wrong%20with%20your%20father.ogg'),(1797,605,'/public/audio/1.07_Having_a_conversation/phrases/1.07%20Whats%20wrong.mp3'),(1842,605,'/public/audio/1.07_Having_a_conversation/phrases/1.07%20Whats%20wrong.ogg');
/*!40000 ALTER TABLE `vocabulary_audios` ENABLE KEYS */;
UNLOCK TABLES;
/*!40103 SET TIME_ZONE=@OLD_TIME_ZONE */;

/*!40101 SET SQL_MODE=@OLD_SQL_MODE */;
/*!40014 SET FOREIGN_KEY_CHECKS=@OLD_FOREIGN_KEY_CHECKS */;
/*!40014 SET UNIQUE_CHECKS=@OLD_UNIQUE_CHECKS */;
/*!40101 SET CHARACTER_SET_CLIENT=@OLD_CHARACTER_SET_CLIENT */;
/*!40101 SET CHARACTER_SET_RESULTS=@OLD_CHARACTER_SET_RESULTS */;
/*!40101 SET COLLATION_CONNECTION=@OLD_COLLATION_CONNECTION */;
/*!40111 SET SQL_NOTES=@OLD_SQL_NOTES */;

-- Dump completed on 2014-12-06 16:49:07
